GISJOIN,YEAR,STUSAB,REGIONA,DIVISIONA,STATE,STATEA,COUNTY,COUNTYA,COUSUBA,PLACEA,TRACTA,BLKGRPA,CONCITA,AIANHHA,RES_ONLYA,TRUSTA,AIHHTLI,AITSA,ANRCA,CBSAA,CSAA,METDIVA,CNECTA,NECTADIV,UAA,CDCURRA,SLDUA,SLDLA,ZCTA5A,SUBMCDA,SDELMA,SDSECA,SDUNIA,PCI,PUMAA,GEO_ID,BTTRA,BTBGA,TL_GEO_ID,NAME_E,ASQME001,ASQME002,ASQME003,ASQME004,ASQME005,ASQME006,ASQME007,ASQME008,ASQME009,ASQME010,ASQME011,ASQME012,ASQME013,ASQME014,ASQME015,ASQME016,ASQME017,ASQME018,ASQME019,ASQME020,ASQME021,ASQME022,ASQME023,ASQME024,ASQME025,ASQME026,ASQME027,ASQME028,ASQME029,ASQME030,ASQME031,ASQME032,ASQME033,ASQME034,ASQME035,NAME_M,ASQMM001,ASQMM002,ASQMM003,ASQMM004,ASQMM005,ASQMM006,ASQMM007,ASQMM008,ASQMM009,ASQMM010,ASQMM011,ASQMM012,ASQMM013,ASQMM014,ASQMM015,ASQMM016,ASQMM017,ASQMM018,ASQMM019,ASQMM020,ASQMM021,ASQMM022,ASQMM023,ASQMM024,ASQMM025,ASQMM026,ASQMM027,ASQMM028,ASQMM029,ASQMM030,ASQMM031,ASQMM032,ASQMM033,ASQMM034,ASQMM035
"G2000010","2019-2023","KS",,,"Kansas","20","Allen County","001",,,,,,,,,,,,,,,".",".",,,,,,,,,,,,"0500000US20001",,,"20001","Allen County, Kansas",12035,1578,1186,345,344,1,841,111,41,70,730,664,66,392,325,246,79,67,10457,8953,6739,6735,4,2214,769,755,14,1445,1390,55,1504,1360,1268,92,144,"Allen County, Kansas",25,316,299,176,175,3,261,70,50,50,239,253,55,112,95,82,58,47,316,387,630,630,6,553,359,354,16,403,396,40,203,166,165,57,83
"G2000030","2019-2023","KS",,,"Kansas","20","Anderson County","003",,,,,,,,,,,,,,,".",".",,,,,,,,,,,,"0500000US20003",,,"20003","Anderson County, Kansas",7704,840,622,365,365,0,257,146,120,26,111,87,24,218,175,155,20,43,6864,6026,5065,5065,0,961,406,406,0,555,552,3,838,809,751,58,29,"Anderson County, Kansas",24,319,313,299,299,16,173,147,144,30,86,81,27,100,90,82,24,34,324,398,457,457,16,268,172,172,16,195,194,5,179,171,159,38,25
"G2000050","2019-2023","KS",,,"Kansas","20","Atchison County","005",,,,,,,,,,,,,,,".",".",,,,,,,,,,,,"0500000US20005",,,"20005","Atchison County, Kansas",14644,1871,1001,349,349,0,652,36,3,33,616,573,43,870,505,413,92,365,12773,10994,8786,8786,0,2208,736,698,38,1472,1382,90,1779,1585,1517,68,194,"Atchison County, Kansas",54,367,395,209,209,18,335,29,6,29,333,318,47,190,132,115,76,125,376,407,618,618,18,484,254,238,45,417,401,68,254,225,215,49,122
"G2000070","2019-2023","KS",,,"Kansas","20","Barber County","007",,,,,,,,,,,,,,,".",".",,,,,,,,,,,,"0500000US20007",,,"20007","Barber County, Kansas",4058,716,565,449,436,13,116,28,11,17,88,83,5,151,126,115,11,25,3342,2797,2372,2372,0,425,165,161,4,260,251,9,545,506,461,45,39,"Barber County, Kansas",182,235,229,232,236,13,56,32,17,18,48,47,8,56,51,52,10,17,233,228,232,232,11,144,77,76,7,130,129,16,96,95,91,27,22
"G2000090","2019-2023","KS",,,"Kansas","20","Barton County","009",,,,,,,,,,,,,,,".",".",,,,,,,,,,,,"0500000US20009",,,"20009","Barton County, Kansas",24698,3640,2448,983,951,32,1465,295,209,86,1170,1117,53,1192,788,629,159,404,21058,17611,13674,13654,20,3937,1060,998,62,2877,2510,367,3447,2976,2647,329,471,"Barton County, Kansas",115,605,491,325,328,52,443,305,209,103,372,350,47,339,204,162,115,199,620,655,861,856,31,629,378,354,52,562,533,139,381,305,293,115,175
"G2000110","2019-2023","KS",,,"Kansas","20","Bourbon County","011",,,,,,,,,,,,,,,".",".",,,,,,,,,,,,"0500000US20011",,,"20011","Bourbon County, Kansas",14002,1649,1067,516,516,0,551,228,214,14,323,242,81,582,448,290,158,134,12353,10586,8515,8498,17,2071,383,332,51,1688,1582,106,1767,1554,1358,196,213,"Bourbon County, Kansas",28,394,321,257,257,18,227,179,171,21,179,151,63,184,155,138,102,83,395,499,678,681,24,463,187,165,50,451,423,87,291,270,217,137,115
"G2000130","2019-2023","KS",,,"Kansas","20","Brown County","013",,,,,,,,,,,,,,,".",".",,,,,,,,,,,,"0500000US20013",,,"20013","Brown County, Kansas",9170,1303,834,394,370,24,440,137,61,76,303,278,25,469,335,255,80,134,7867,6527,5382,5382,0,1145,556,505,51,589,567,22,1340,1116,966,150,224,"Brown County, Kansas",87,187,165,138,136,18,105,49,25,43,99,96,16,110,82,61,59,63,195,269,345,345,16,209,164,155,25,160,158,17,215,186,180,60,105
"G2000150","2019-2023","KS",,,"Kansas","20","Butler County","015",,,,,,,,,,,,,,,".",".",,,,,,,,,,,,"0500000US20015",,,"20015","Butler County, Kansas",64697,5845,4187,1739,1647,92,2448,651,620,31,1797,1607,190,1658,1335,1201,134,323,58852,52789,45476,45468,8,7313,2212,2025,187,5101,4880,221,6063,5429,4764,665,634,"Butler County, Kansas",134,983,941,742,746,64,754,310,306,27,645,566,118,285,231,200,74,118,984,1092,1251,1251,10,956,523,480,88,779,780,102,500,453,453,148,149
"G2000170","2019-2023","KS",,,"Kansas","20","Chase County","017",,,,,,,,,,,,,,,".",".",,,,,,,,,,,,"0500000US20017",,,"20017","Chase County, Kansas",2458,258,171,78,78,0,93,16,0,16,77,76,1,87,85,76,9,2,2200,1830,1569,1569,0,261,90,90,0,171,171,0,370,330,298,32,40,"Chase County, Kansas",8,99,92,63,63,11,73,26,11,26,71,71,3,33,34,33,12,3,99,124,138,138,11,91,48,48,11,74,74,11,73,68,64,23,36
"G2000190","2019-2023","KS",,,"Kansas","20","Chautauqua County","019",,,,,,,,,,,,,,,".",".",,,,,,,,,,,,"0500000US20019",,,"20019","Chautauqua County, Kansas",3320,560,398,172,153,19,226,40,29,11,186,167,19,162,83,72,11,79,2760,2358,1852,1844,8,506,200,176,24,306,273,33,402,365,319,46,37,"Chautauqua County, Kansas",3,135,125,73,79,25,98,36,33,11,88,75,26,45,31,28,10,32,135,146,189,192,12,138,96,81,22,113,108,22,79,74,71,27,19
"G2000210","2019-2023","KS",,,"Kansas","20","Cherokee County","021",,,,,,,,,,,,,,,".",".",,,,,,,,,,,,"0500000US20021",,,"20021","Cherokee County, Kansas",18963,2476,1472,956,855,101,516,186,45,141,330,315,15,1004,786,611,175,218,16487,14487,11856,11817,39,2631,1074,1014,60,1557,1496,61,2000,1805,1578,227,195,"Cherokee County, Kansas",53,462,391,348,323,78,191,94,50,82,176,175,16,228,193,174,83,97,451,489,639,650,37,490,282,265,38,392,381,43,277,244,233,102,93
"G2000230","2019-2023","KS",,,"Kansas","20","Cheyenne County","023",,,,,,,,,,,,,,,".",".",,,,,,,,,,,,"0500000US20023",,,"20023","Cheyenne County, Kansas",2590,451,356,146,146,0,210,156,146,10,54,54,0,95,72,64,8,23,2139,1648,1312,1312,0,336,171,128,43,165,159,6,491,472,452,20,19,"Cheyenne County, Kansas",2,134,134,89,89,11,117,109,107,13,42,42,11,38,30,29,12,18,133,153,201,201,11,119,94,71,32,84,82,7,94,91,90,16,14
"G2000250","2019-2023","KS",,,"Kansas","20","Clark County","025",,,,,,,,,,,,,,,".",".",,,,,,,,,,,,"0500000US20025",,,"20025","Clark County, Kansas",1884,178,116,37,33,4,79,25,19,6,54,49,5,62,48,47,1,14,1706,1413,1217,1208,9,196,36,36,0,160,150,10,293,254,207,47,39,"Clark County, Kansas",186,66,54,26,26,6,46,35,29,7,35,34,7,35,31,30,3,13,175,187,160,159,11,110,25,25,11,109,103,14,59,49,50,26,24
"G2000270","2019-2023","KS",,,"Kansas","20","Clay County","027",,,,,,,,,,,,,,,".",".",,,,,,,,,,,,"0500000US20027",,,"20027","Clay County, Kansas",7876,1018,854,492,489,3,362,62,47,15,300,290,10,164,137,123,14,27,6858,5725,4702,4693,9,1023,389,330,59,634,557,77,1133,1027,821,206,106,"Clay County, Kansas",22,294,283,253,254,6,152,82,73,28,131,129,12,81,77,74,14,21,298,332,425,424,16,300,188,154,49,267,232,48,222,188,180,125,72
"G2000290","2019-2023","KS",,,"Kansas","20","Cloud County","029",,,,,,,,,,,,,,,".",".",,,,,,,,,,,,"0500000US20029",,,"20029","Cloud County, Kansas",8497,863,457,176,161,15,281,105,82,23,176,146,30,406,228,194,34,178,7634,6315,5318,5302,16,997,582,535,47,415,391,24,1319,1208,1066,142,111,"Cloud County, Kansas",79,221,190,83,85,19,166,73,69,16,154,135,46,127,65,56,33,101,234,343,458,457,22,308,245,223,35,185,174,25,206,175,177,66,70
"G2000310","2019-2023","KS",,,"Kansas","20","Coffey County","031",,,,,,,,,,,,,,,".",".",,,,,,,,,,,,"0500000US20031",,,"20031","Coffey County, Kansas",8183,782,517,227,204,23,290,26,17,9,264,234,30,265,185,150,35,80,7401,6315,5062,5056,6,1253,454,430,24,799,757,42,1086,983,846,137,103,"Coffey County, Kansas",24,152,139,104,100,22,112,25,23,11,114,118,35,71,62,56,23,39,150,189,297,297,9,232,143,143,18,187,172,38,145,129,121,58,50
"G2000330","2019-2023","KS",,,"Kansas","20","Comanche County","033",,,,,,,,,,,,,,,".",".",,,,,,,,,,,,"0500000US20033",,,"20033","Comanche County, Kansas",1619,181,125,82,82,0,43,22,22,0,21,21,0,56,51,45,6,5,1438,1097,935,935,0,162,58,58,0,104,101,3,341,316,301,15,25,"Comanche County, Kansas",169,60,59,48,48,11,35,27,27,11,20,20,11,26,26,23,9,6,159,151,140,140,11,79,42,42,11,66,66,4,87,84,84,15,22
"G2000350","2019-2023","KS",,,"Kansas","20","Cowley County","035",,,,,,,,,,,,,,,".",".",,,,,,,,,,,,"0500000US20035",,,"20035","Cowley County, Kansas",32150,4455,3118,1032,959,73,2086,375,319,56,1711,1638,73,1337,947,750,197,390,27695,23031,17742,17647,95,5289,2040,1941,99,3249,2975,274,4664,4079,3616,463,585,"Cowley County, Kansas",162,616,590,304,293,68,518,191,186,34,503,466,60,238,190,155,129,109,619,750,1021,1013,70,835,678,666,56,549,522,103,436,389,360,126,151
"G2000370","2019-2023","KS",,,"Kansas","20","Crawford County","037",,,,,,,,,,,,,,,".",".",,,,,,,,,,,,"0500000US20037",,,"20037","Crawford County, Kansas",37152,7727,4582,1712,1554,158,2870,377,146,231,2493,2237,256,3145,2086,1456,630,1059,29425,24001,18871,18853,18,5130,1965,1855,110,3165,2980,185,5424,4438,3736,702,986,"Crawford County, Kansas",115,813,721,507,505,89,650,192,103,149,670,629,140,465,331,274,187,260,814,877,1127,1130,17,844,570,525,106,667,649,73,464,337,288,189,320
"G2000390","2019-2023","KS",,,"Kansas","20","Decatur County","039",,,,,,,,,,,,,,,".",".",,,,,,,,,,,,"0500000US20039",,,"20039","Decatur County, Kansas",2662,345,254,192,184,8,62,10,0,10,52,52,0,91,71,62,9,20,2317,1751,1509,1508,1,242,121,119,2,121,82,39,566,528,465,63,38,"Decatur County, Kansas",30,137,129,126,122,11,27,11,11,11,27,27,11,34,32,26,12,24,136,174,210,211,3,139,81,80,4,106,73,35,109,98,87,40,39
"G2000410","2019-2023","KS",,,"Kansas","20","Dickinson County","041",,,,,,,,,,,,,,,".",".",,,,,,,,,,,,"0500000US20041",,,"20041","Dickinson County, Kansas",18043,1592,1080,567,554,13,513,79,56,23,434,414,20,512,466,443,23,46,16451,14050,11994,11962,32,2056,555,537,18,1501,1367,134,2401,2122,1814,308,279,"Dickinson County, Kansas",66,351,334,240,241,13,244,52,46,20,238,239,18,135,126,126,23,33,361,407,526,531,30,505,217,215,18,417,383,81,263,242,259,124,99
"G2000430","2019-2023","KS",,,"Kansas","20","Doniphan County","043",,,,,,,,,,,,,,,".",".",,,,,,,,,,,,"0500000US20043",,,"20043","Doniphan County, Kansas",6755,662,481,347,345,2,134,18,5,13,116,111,5,181,127,105,22,54,6093,5351,4178,4136,42,1173,333,300,33,840,785,55,742,672,598,74,70,"Doniphan County, Kansas",95,152,136,143,144,4,74,19,8,17,72,72,8,69,46,42,20,40,172,187,283,273,43,230,130,115,26,195,187,46,111,101,97,39,34
"G2000450","2019-2023","KS",,,"Kansas","20","Douglas County","045",,,,,,,,,,,,,,,".",".",,,,,,,,,,,,"0500000US20045",,,"20045","Douglas County, Kansas",111114,16894,4926,1559,1393,166,3367,787,576,211,2580,2223,357,11968,6621,3439,3182,5347,94220,71465,59369,59164,205,12096,3162,2921,241,8934,7950,984,22755,17360,12559,4801,5395,"Douglas County, Kansas",188,1198,957,522,500,91,816,465,409,103,676,621,169,1066,676,552,547,782,1207,1586,1957,1970,150,1223,640,583,112,1151,987,369,1321,1025,1067,679,620
"G2000470","2019-2023","KS",,,"Kansas","20","Edwards County","047",,,,,,,,,,,,,,,".",".",,,,,,,,,,,,"0500000US20047",,,"20047","Edwards County, Kansas",2758,453,331,116,116,0,215,52,44,8,163,163,0,122,112,105,7,10,2305,1960,1515,1515,0,445,72,71,1,373,325,48,345,314,291,23,31,"Edwards County, Kansas",8,103,95,75,75,11,88,45,45,11,85,85,11,39,37,36,7,8,104,107,148,148,11,117,44,44,2,102,101,24,57,51,49,16,20
"G2000490","2019-2023","KS",,,"Kansas","20","Elk County","049",,,,,,,,,,,,,,,".",".",,,,,,,,,,,,"0500000US20049",,,"20049","Elk County, Kansas",2452,410,307,151,151,0,156,78,57,21,78,76,2,103,87,83,4,16,2042,1742,1429,1429,0,313,72,62,10,241,214,27,300,290,272,18,10,"Elk County, Kansas",6,95,90,66,66,11,92,84,63,22,48,48,3,30,29,30,5,10,94,98,132,132,11,96,36,30,8,92,77,19,54,52,49,9,14
"G2000510","2019-2023","KS",,,"Kansas","20","Ellis County","051",,,,,,,,,,,,,,,".",".",,,,,,,,,,,,"0500000US20051",,,"20051","Ellis County, Kansas",27478,4873,2146,579,568,11,1567,504,377,127,1063,1023,40,2727,1647,953,694,1080,22605,18174,16033,16029,4,2141,761,699,62,1380,1237,143,4431,3558,2740,818,873,"Ellis County, Kansas",31,585,563,269,268,11,513,315,246,90,411,408,61,510,366,243,252,288,579,692,909,912,8,556,302,276,51,415,398,77,429,354,357,247,192
"G2000530","2019-2023","KS",,,"Kansas","20","Ellsworth County","053",,,,,,,,,,,,,,,".",".",,,,,,,,,,,,"0500000US20053",,,"20053","Ellsworth County, Kansas",5360,453,302,142,83,59,160,20,14,6,140,135,5,151,114,114,0,37,4907,4181,3764,3760,4,417,154,147,7,263,228,35,726,662,604,58,64,"Ellsworth County, Kansas",22,102,97,67,47,46,77,17,15,6,74,71,8,42,38,38,16,23,107,155,223,224,7,127,84,79,11,96,88,25,120,108,103,36,37
"G2000550","2019-2023","KS",,,"Kansas","20","Finney County","055",,,,,,,,,,,,,,,".",".",,,,,,,,,,,,"0500000US20055",,,"20055","Finney County, Kansas",37216,4351,3330,1354,1324,30,1976,220,51,169,1756,1634,122,1021,801,713,88,220,32865,29029,19636,19603,33,9393,3927,3654,273,5466,5181,285,3836,3161,2704,457,675,"Finney County, Kansas",155,840,831,430,429,51,716,128,51,109,704,643,106,221,206,217,60,100,837,940,1436,1431,53,1294,694,666,115,1106,1085,197,526,365,350,176,272
"G2000570","2019-2023","KS",,,"Kansas","20","Ford County","057",,,,,,,,,,,,,,,".",".",,,,,,,,,,,,"0500000US20057",,,"20057","Ford County, Kansas",33177,4769,4098,1458,1451,7,2640,315,225,90,2325,1954,371,671,443,373,70,228,28408,24550,17923,17866,57,6627,1863,1670,193,4764,4426,338,3858,3124,2437,687,734,"Ford County, Kansas",239,960,934,721,723,6,838,188,178,94,776,701,247,219,159,145,66,102,916,1031,1444,1441,102,1072,662,543,219,985,920,176,575,415,401,267,285
"G2000590","2019-2023","KS",,,"Kansas","20","Franklin County","059",,,,,,,,,,,,,,,".",".",,,,,,,,,,,,"0500000US20059",,,"20059","Franklin County, Kansas",25339,2444,1585,655,584,71,930,205,87,118,725,618,107,859,531,418,113,328,22895,20016,16638,16490,148,3378,1380,1219,161,1998,1773,225,2879,2610,2311,299,269,"Franklin County, Kansas",58,485,412,225,219,48,362,144,72,102,296,258,74,245,137,108,72,157,491,534,889,904,108,696,477,416,136,501,456,108,321,285,290,96,91
"G2000610","2019-2023","KS",,,"Kansas","20","Geary County","061",,,,,,,,,,,,,,,".",".",,,,,,,,,,,,"0500000US20061",,,"20061","Geary County, Kansas",34821,6709,5730,3064,3040,24,2666,222,158,64,2444,2373,71,979,749,679,70,230,28112,23914,19205,19182,23,4709,1607,1462,145,3102,2818,284,4198,3566,2824,742,632,"Geary County, Kansas",181,1056,1000,883,882,24,664,143,151,62,654,641,50,258,212,206,55,134,1071,1207,1436,1439,26,1019,667,578,122,742,749,117,495,410,382,267,248
"G2000630","2019-2023","KS",,,"Kansas","20","Gove County","063",,,,,,,,,,,,,,,".",".",,,,,,,,,,,,"0500000US20063",,,"20063","Gove County, Kansas",2743,112,28,12,12,0,16,11,6,5,5,5,0,84,80,80,0,4,2631,2277,2081,2073,8,196,60,54,6,136,126,10,354,339,319,20,15,"Gove County, Kansas",156,33,19,13,13,11,13,10,8,8,9,9,11,28,28,28,11,4,155,154,159,159,10,68,43,42,6,51,46,11,81,77,76,13,13
"G2000650","2019-2023","KS",,,"Kansas","20","Graham County","065",,,,,,,,,,,,,,,".",".",,,,,,,,,,,,"0500000US20065",,,"20065","Graham County, Kansas",2371,267,187,30,30,0,157,39,38,1,118,110,8,80,63,58,5,17,2104,1692,1441,1441,0,251,88,81,7,163,132,31,412,390,371,19,22,"Graham County, Kansas",6,85,81,31,31,11,77,46,46,2,62,62,11,34,28,27,8,16,85,112,161,161,11,114,71,68,8,82,73,21,75,74,75,12,17
"G2000670","2019-2023","KS",,,"Kansas","20","Grant County","067",,,,,,,,,,,,,,,".",".",,,,,,,,,,,,"0500000US20067",,,"20067","Grant County, Kansas",7194,390,256,18,18,0,238,75,55,20,163,163,0,134,77,25,52,57,6804,6134,5457,5457,0,677,54,54,0,623,566,57,670,644,627,17,26,"Grant County, Kansas",42,250,211,39,39,16,211,85,63,27,194,194,16,141,78,24,72,70,257,286,470,470,16,369,83,83,16,349,319,79,226,219,220,28,39
"G2000690","2019-2023","KS",,,"Kansas","20","Gray County","069",,,,,,,,,,,,,,,".",".",,,,,,,,,,,,"0500000US20069",,,"20069","Gray County, Kansas",5514,383,362,238,235,3,124,2,0,2,122,122,0,21,16,16,0,5,5131,4645,4141,4140,1,504,124,124,0,380,341,39,486,460,422,38,26,"Gray County, Kansas",68,163,162,164,164,4,107,3,16,3,107,107,16,14,12,12,16,9,152,165,220,220,3,168,82,82,16,141,125,32,92,82,77,24,23
"G2000710","2019-2023","KS",,,"Kansas","20","Greeley County","071",,,,,,,,,,,,,,,".",".",,,,,,,,,,,,"0500000US20071",,,"20071","Greeley County, Kansas",1270,127,105,32,32,0,73,0,0,0,73,73,0,22,20,20,0,2,1143,988,925,925,0,63,20,20,0,43,37,6,155,140,120,20,15,"Greeley County, Kansas",124,64,62,33,33,11,51,11,11,11,51,51,11,12,12,12,11,5,119,124,129,129,11,43,21,21,11,37,36,8,47,38,38,19,17
"G2000730","2019-2023","KS",,,"Kansas","20","Greenwood County","073",,,,,,,,,,,,,,,".",".",,,,,,,,,,,,"0500000US20073",,,"20073","Greenwood County, Kansas",5872,873,614,205,205,0,409,105,61,44,304,304,0,259,224,208,16,35,4999,4164,3451,3451,0,713,353,331,22,360,320,40,835,737,643,94,98,"Greenwood County, Kansas",15,195,178,98,98,16,160,83,75,33,151,151,16,80,72,68,15,20,196,229,265,265,16,147,115,114,19,119,117,26,129,116,109,44,48
"G2000750","2019-2023","KS",,,"Kansas","20","Hamilton County","075",,,,,,,,,,,,,,,".",".",,,,,,,,,,,,"0500000US20075",,,"20075","Hamilton County, Kansas",2475,92,40,15,15,0,25,4,0,4,21,21,0,52,52,52,0,0,2383,2214,1464,1435,29,750,396,303,93,354,350,4,169,168,167,1,1,"Hamilton County, Kansas",16,61,47,28,28,11,36,6,11,6,35,35,11,38,38,38,11,11,61,98,307,298,31,294,249,199,66,187,187,6,67,68,67,2,3
"G2000770","2019-2023","KS",,,"Kansas","20","Harper County","077",,,,,,,,,,,,,,,".",".",,,,,,,,,,,,"0500000US20077",,,"20077","Harper County, Kansas",5315,812,529,297,297,0,232,17,14,3,215,209,6,283,178,132,46,105,4503,3794,2971,2961,10,823,435,387,48,388,379,9,709,637,581,56,72,"Harper County, Kansas",28,169,164,124,124,16,113,23,21,8,111,109,7,83,55,48,27,52,162,194,215,215,14,166,154,132,32,138,135,12,113,108,103,27,43
"G2000790","2019-2023","KS",,,"Kansas","20","Harvey County","079",,,,,,,,,,,,,,,".",".",,,,,,,,,,,,"0500000US20079",,,"20079","Harvey County, Kansas",32564,2592,1517,453,431,22,1064,195,146,49,869,792,77,1075,807,716,91,268,29972,25896,20494,20484,10,5402,1350,1251,99,4052,3614,438,4076,3539,2917,622,537,"Harvey County, Kansas",61,631,555,292,292,20,435,159,143,33,415,353,89,267,229,220,68,87,646,733,1097,1096,18,1043,472,445,85,808,750,174,400,312,310,204,207
"G2000810","2019-2023","KS",,,"Kansas","20","Haskell County","081",,,,,,,,,,,,,,,".",".",,,,,,,,,,,,"0500000US20081",,,"20081","Haskell County, Kansas",3598,387,296,156,156,0,140,89,55,34,51,51,0,91,80,80,0,11,3211,2808,2449,2449,0,359,188,188,0,171,163,8,403,353,286,67,50,"Haskell County, Kansas",60,135,134,107,107,11,102,91,78,31,45,45,11,39,36,36,11,13,153,184,211,211,11,175,124,124,11,106,105,9,98,77,78,40,38
"G2000830","2019-2023","KS",,,"Kansas","20","Hodgeman County","083",,,,,,,,,,,,,,,".",".",,,,,,,,,,,,"0500000US20083",,,"20083","Hodgeman County, Kansas",1638,99,56,0,0,0,56,17,17,0,39,39,0,43,25,22,3,18,1539,1283,1052,1052,0,231,77,65,12,154,132,22,256,252,245,7,4,"Hodgeman County, Kansas",168,42,32,11,11,11,32,17,17,11,27,27,11,31,18,17,4,26,164,167,161,161,11,80,53,45,11,62,58,17,60,61,61,10,5
"G2000850","2019-2023","KS",,,"Kansas","20","Jackson County","085",,,,,,,,,,,,,,,".",".",,,,,,,,,,,,"0500000US20085",,,"20085","Jackson County, Kansas",13092,1190,773,271,242,29,502,21,14,7,481,456,25,417,290,247,43,127,11902,10354,8946,8810,136,1408,566,515,51,842,784,58,1548,1331,1138,193,217,"Jackson County, Kansas",18,333,291,111,105,20,242,19,15,9,244,245,27,139,83,79,49,87,332,423,515,518,103,369,262,234,56,242,223,35,194,147,140,75,89
"G2000870","2019-2023","KS",,,"Kansas","20","Jefferson County","087",,,,,,,,,,,,,,,".",".",,,,,,,,,,,,"0500000US20087",,,"20087","Jefferson County, Kansas",18160,1147,607,301,294,7,306,31,17,14,275,262,13,540,367,279,88,173,17013,14686,12662,12662,0,2024,720,628,92,1304,1231,73,2327,1942,1506,436,385,"Jefferson County, Kansas",24,307,237,199,197,8,116,26,18,18,115,114,17,163,119,98,80,83,309,426,509,509,18,359,250,218,68,289,272,39,265,213,213,117,130
"G2000890","2019-2023","KS",,,"Kansas","20","Jewell County","089",,,,,,,,,,,,,,,".",".",,,,,,,,,,,,"0500000US20089",,,"20089","Jewell County, Kansas",2879,369,279,148,140,8,131,7,4,3,124,113,11,90,62,44,18,28,2510,2118,1868,1868,0,250,130,128,2,120,110,10,392,374,347,27,18,"Jewell County, Kansas",20,112,109,75,74,10,66,9,6,4,66,62,12,30,22,21,14,18,114,129,161,161,11,99,71,70,4,57,54,10,65,63,62,18,15
"G2000910","2019-2023","KS",,,"Kansas","20","Johnson County","091",,,,,,,,,,,,,,,".",".",,,,,,,,,,,,"0500000US20091",,,"20091","Johnson County, Kansas",608815,32476,19783,8790,7652,1138,10993,2512,1522,990,8481,7586,895,12693,8600,6939,1661,4093,576339,486355,414548,413327,1221,71807,24321,22599,1722,47486,44276,3210,89984,73289,58683,14606,16695,"Johnson County, Kansas",351,2072,1780,1274,1172,379,1244,628,514,268,1140,1069,301,1083,821,715,350,537,2128,3125,4378,4392,452,4142,2225,2043,347,3439,3252,453,2217,1625,1534,975,1194
"G2000930","2019-2023","KS",,,"Kansas","20","Kearny County","093",,,,,,,,,,,,,,,".",".",,,,,,,,,,,,"0500000US20093",,,"20093","Kearny County, Kansas",3826,232,145,76,70,6,69,0,0,0,69,69,0,87,40,40,0,47,3594,3199,2506,2506,0,693,362,334,28,331,329,2,395,328,260,68,67,"Kearny County, Kansas",29,110,91,67,66,9,64,11,11,11,64,64,11,52,28,28,11,42,110,178,269,269,11,293,213,188,36,208,208,3,116,97,83,46,47
"G2000950","2019-2023","KS",,,"Kansas","20","Kingman County","095",,,,,,,,,,,,,,,".",".",,,,,,,,,,,,"0500000US20095",,,"20095","Kingman County, Kansas",7146,670,427,232,232,0,195,71,70,1,124,117,7,243,167,110,57,76,6476,5390,4689,4689,0,701,273,259,14,428,372,56,1086,974,809,165,112,"Kingman County, Kansas",32,243,200,144,144,16,154,105,106,4,109,105,13,127,90,44,72,49,243,308,381,381,16,255,159,158,24,217,176,60,183,159,158,81,57
"G2000970","2019-2023","KS",,,"Kansas","20","Kiowa County","097",,,,,,,,,,,,,,,".",".",,,,,,,,,,,,"0500000US20097",,,"20097","Kiowa County, Kansas",2209,125,65,17,15,2,48,11,11,0,37,37,0,60,30,25,5,30,2084,1724,1623,1623,0,101,33,29,4,68,63,5,360,319,284,35,41,"Kiowa County, Kansas",17,43,36,15,14,4,32,16,16,11,28,28,11,23,16,15,5,19,44,82,101,101,11,45,25,24,6,34,35,9,68,58,53,22,23
"G2000990","2019-2023","KS",,,"Kansas","20","Labette County","099",,,,,,,,,,,,,,,".",".",,,,,,,,,,,,"0500000US20099",,,"20099","Labette County, Kansas",19391,3117,1589,809,739,70,780,200,102,98,580,531,49,1528,719,581,138,809,16274,13238,10780,10780,0,2458,1171,991,180,1287,1195,92,3036,2577,2312,265,459,"Labette County, Kansas",143,501,358,302,304,49,212,116,52,100,177,163,43,417,153,133,60,347,539,592,702,702,18,446,329,279,93,307,289,44,271,226,214,97,142
"G2001010","2019-2023","KS",,,"Kansas","20","Lane County","101",,,,,,,,,,,,,,,".",".",,,,,,,,,,,,"0500000US20101",,,"20101","Lane County, Kansas",1490,121,54,12,12,0,42,0,0,0,42,42,0,67,58,51,7,9,1369,1097,960,960,0,137,98,86,12,39,34,5,272,255,234,21,17,"Lane County, Kansas",156,68,57,14,14,11,55,11,11,11,55,55,11,36,37,38,9,12,176,174,198,198,11,87,83,72,15,30,27,6,56,57,56,16,14
"G2001030","2019-2023","KS",,,"Kansas","20","Leavenworth County","103",,,,,,,,,,,,,,,".",".",,,,,,,,,,,,"0500000US20103",,,"20103","Leavenworth County, Kansas",77206,6671,4420,1904,1723,181,2516,775,315,460,1741,1572,169,2251,1360,1065,295,891,70535,60933,51597,51323,274,9336,2885,2786,99,6451,6023,428,9602,7822,6528,1294,1780,"Leavenworth County, Kansas",424,819,692,601,576,148,482,315,242,188,475,445,100,367,268,252,129,194,931,1221,1867,1867,192,1419,750,745,58,1147,1116,178,944,712,713,290,411
"G2001050","2019-2023","KS",,,"Kansas","20","Lincoln County","105",,,,,,,,,,,,,,,".",".",,,,,,,,,,,,"0500000US20105",,,"20105","Lincoln County, Kansas",2873,341,161,100,89,11,61,12,8,4,49,49,0,180,124,122,2,56,2532,2131,1772,1772,0,359,77,77,0,282,282,0,401,378,347,31,23,"Lincoln County, Kansas",11,107,87,81,74,15,44,11,9,6,42,42,11,67,49,49,3,40,109,117,195,195,11,145,45,45,11,136,136,11,85,81,80,18,19
"G2001070","2019-2023","KS",,,"Kansas","20","Linn County","107",,,,,,,,,,,,,,,".",".",,,,,,,,,,,,"0500000US20107",,,"20107","Linn County, Kansas",9587,1024,647,243,217,26,404,178,117,61,226,199,27,377,342,319,23,35,8563,7345,6254,6246,8,1091,457,390,67,634,566,68,1218,1107,911,196,111,"Linn County, Kansas",52,228,206,107,99,24,191,140,105,54,111,99,23,98,94,88,24,22,228,312,417,421,14,247,162,132,46,205,211,59,184,166,165,76,46
"G2001090","2019-2023","KS",,,"Kansas","20","Logan County","109",,,,,,,,,,,,,,,".",".",,,,,,,,,,,,"0500000US20109",,,"20109","Logan County, Kansas",2691,355,230,66,66,0,164,0,0,0,164,164,0,125,96,83,13,29,2336,1913,1745,1745,0,168,61,55,6,107,96,11,423,407,378,29,16,"Logan County, Kansas",2,124,117,58,58,11,107,11,11,11,107,107,11,56,46,43,15,31,123,142,160,160,11,90,53,48,10,68,66,10,73,72,70,23,15
"G2001110","2019-2023","KS",,,"Kansas","20","Lyon County","111",,,,,,,,,,,,,,,".",".",,,,,,,,,,,,"0500000US20111",,,"20111","Lyon County, Kansas",31087,4712,2462,725,716,9,1737,639,613,26,1098,953,145,2250,1241,702,539,1009,26375,21204,16860,16801,59,4344,1760,1560,200,2584,2281,303,5171,4325,3519,806,846,"Lyon County, Kansas",58,746,626,474,471,12,479,259,255,20,461,415,94,361,213,153,169,245,742,815,1146,1147,43,821,568,517,100,563,482,131,576,492,491,221,214
"G2001130","2019-2023","KS",,,"Kansas","20","McPherson County","113",,,,,,,,,,,,,,,".",".",,,,,,,,,,,,"0500000US20113",,,"20113","McPherson County, Kansas",28381,2579,1628,728,714,14,900,68,30,38,832,763,69,951,580,423,157,371,25802,22024,19889,19839,50,2135,761,732,29,1374,1361,13,3778,3376,2941,435,402,"McPherson County, Kansas",36,560,490,314,314,15,414,41,26,31,418,406,54,273,173,144,107,142,553,662,874,884,48,626,225,218,16,579,575,11,421,374,381,130,165
"G2001150","2019-2023","KS",,,"Kansas","20","Marion County","115",,,,,,,,,,,,,,,".",".",,,,,,,,,,,,"0500000US20115",,,"20115","Marion County, Kansas",11006,1104,693,278,261,17,415,41,19,22,374,310,64,411,276,233,43,135,9902,8363,7225,7216,9,1138,278,272,6,860,824,36,1539,1433,1299,134,106,"Marion County, Kansas",42,177,156,108,106,12,144,26,14,19,137,137,40,100,69,64,29,56,187,264,345,346,9,227,119,117,9,200,195,23,162,156,149,55,41
"G2001170","2019-2023","KS",,,"Kansas","20","Marshall County","117",,,,,,,,,,,,,,,".",".",,,,,,,,,,,,"0500000US20117",,,"20117","Marshall County, Kansas",9756,913,479,324,307,17,155,69,43,26,86,86,0,434,344,343,1,90,8843,7740,6760,6747,13,980,504,460,44,476,438,38,1103,1012,908,104,91,"Marshall County, Kansas",73,165,161,137,137,17,83,63,59,23,63,63,18,99,98,98,3,37,181,262,316,318,11,237,187,167,39,195,175,29,193,163,141,55,54
"G2001190","2019-2023","KS",,,"Kansas","20","Meade County","119",,,,,,,,,,,,,,,".",".",,,,,,,,,,,,"0500000US20119",,,"20119","Meade County, Kansas",3852,255,192,70,70,0,122,18,0,18,104,104,0,63,54,40,14,9,3597,3081,2350,2350,0,731,151,144,7,580,523,57,516,473,410,63,43,"Meade County, Kansas",201,108,99,53,53,11,78,26,11,26,72,72,11,38,32,23,22,10,207,225,239,239,11,217,95,92,7,193,195,42,96,86,86,40,30
"G2001210","2019-2023","KS",,,"Kansas","20","Miami County","121",,,,,,,,,,,,,,,".",".",,,,,,,,,,,,"0500000US20121",,,"20121","Miami County, Kansas",34006,2267,1364,418,376,42,946,364,269,95,582,536,46,903,612,563,49,291,31739,27835,23635,23467,168,4200,2051,1991,60,2149,2067,82,3904,3324,2717,607,580,"Miami County, Kansas",74,547,476,265,264,45,384,241,216,71,270,273,45,279,223,216,55,134,541,648,1052,1059,95,777,589,585,57,561,548,62,520,392,393,286,233
"G2001230","2019-2023","KS",,,"Kansas","20","Mitchell County","123",,,,,,,,,,,,,,,".",".",,,,,,,,,,,,"0500000US20123",,,"20123","Mitchell County, Kansas",5628,702,425,270,269,1,155,107,107,0,48,44,4,277,154,117,37,123,4926,4155,3661,3661,0,494,193,188,5,301,289,12,771,734,624,110,37,"Mitchell County, Kansas",18,233,196,198,197,2,117,109,109,16,36,34,5,141,76,65,40,104,234,295,351,351,16,224,120,118,7,163,160,13,170,169,151,69,29
"G2001250","2019-2023","KS",,,"Kansas","20","Montgomery County","125",,,,,,,,,,,,,,,".",".",,,,,,,,,,,,"0500000US20125",,,"20125","Montgomery County, Kansas",30162,4911,3293,1157,1114,43,2136,439,355,84,1697,1543,154,1618,1235,993,242,383,25251,20991,16226,16197,29,4765,1519,1402,117,3246,2998,248,4260,3826,3425,401,434,"Montgomery County, Kansas",57,549,530,373,375,30,460,201,186,53,433,428,87,273,193,171,87,171,561,667,860,864,30,805,386,359,52,680,643,136,376,365,359,116,157
"G2001270","2019-2023","KS",,,"Kansas","20","Morris County","127",,,,,,,,,,,,,,,".",".",,,,,,,,,,,,"0500000US20127",,,"20127","Morris County, Kansas",5301,677,494,244,234,10,250,34,12,22,216,214,2,183,159,124,35,24,4624,3672,3167,3159,8,505,185,185,0,320,299,21,952,837,736,101,115,"Morris County, Kansas",9,200,206,128,128,11,142,28,14,25,140,140,4,78,79,72,33,21,202,214,300,302,13,190,102,102,16,148,145,17,146,130,132,60,67
"G2001290","2019-2023","KS",,,"Kansas","20","Morton County","129",,,,,,,,,,,,,,,".",".",,,,,,,,,,,,"0500000US20129",,,"20129","Morton County, Kansas",2578,381,221,128,106,22,93,12,12,0,81,81,0,160,113,93,20,47,2197,1904,1571,1562,9,333,228,219,9,105,99,6,293,243,198,45,50,"Morton County, Kansas",20,187,181,151,124,31,101,13,13,11,99,99,11,77,59,49,28,55,186,198,235,234,12,153,134,130,13,65,62,8,76,59,50,35,41
"G2001310","2019-2023","KS",,,"Kansas","20","Nemaha County","131",,,,,,,,,,,,,,,".",".",,,,,,,,,,,,"0500000US20131",,,"20131","Nemaha County, Kansas",9896,764,518,172,170,2,346,163,31,132,183,181,2,246,153,131,22,93,9132,7867,6807,6807,0,1060,788,725,63,272,263,9,1265,1181,1099,82,84,"Nemaha County, Kansas",48,206,185,100,101,6,139,105,37,88,128,128,3,82,60,58,22,55,215,267,403,403,18,270,264,250,39,94,93,13,169,160,158,35,37
"G2001330","2019-2023","KS",,,"Kansas","20","Neosho County","133",,,,,,,,,,,,,,,".",".",,,,,,,,,,,,"0500000US20133",,,"20133","Neosho County, Kansas",15190,2340,1525,533,495,38,992,207,149,58,785,731,54,815,621,506,115,194,12850,10951,8465,8464,1,2486,952,884,68,1534,1409,125,1899,1693,1528,165,206,"Neosho County, Kansas",44,386,374,309,308,63,313,132,121,46,303,293,52,211,147,121,77,97,382,440,579,579,2,493,347,322,67,426,400,76,284,236,224,87,106
"G2001350","2019-2023","KS",,,"Kansas","20","Ness County","135",,,,,,,,,,,,,,,".",".",,,,,,,,,,,,"0500000US20135",,,"20135","Ness County, Kansas",2595,296,222,167,167,0,55,31,19,12,24,24,0,74,38,26,12,36,2299,1965,1714,1714,0,251,153,134,19,98,74,24,334,309,247,62,25,"Ness County, Kansas",9,103,103,99,99,11,38,27,20,11,19,19,11,35,19,12,14,24,103,120,145,145,11,92,71,62,16,59,50,26,65,60,56,34,19
"G2001370","2019-2023","KS",,,"Kansas","20","Norton County","137",,,,,,,,,,,,,,,".",".",,,,,,,,,,,,"0500000US20137",,,"20137","Norton County, Kansas",4397,375,282,76,40,36,206,48,32,16,158,158,0,93,88,81,7,5,4022,3186,2720,2720,0,466,218,217,1,248,245,3,836,739,669,70,97,"Norton County, Kansas",40,102,97,71,56,53,81,55,39,21,93,93,16,58,56,55,10,6,109,222,293,293,16,240,161,161,2,161,161,6,205,188,188,64,81
"G2001390","2019-2023","KS",,,"Kansas","20","Osage County","139",,,,,,,,,,,,,,,".",".",,,,,,,,,,,,"0500000US20139",,,"20139","Osage County, Kansas",15538,1709,1144,380,376,4,764,377,307,70,387,376,11,565,423,347,76,142,13829,11876,9393,9371,22,2483,1147,1032,115,1336,1199,137,1953,1688,1483,205,265,"Osage County, Kansas",49,278,257,151,151,4,225,195,191,38,170,173,19,114,89,79,47,63,278,383,496,498,19,458,274,260,53,318,294,81,221,204,194,77,88
"G2001410","2019-2023","KS",,,"Kansas","20","Osborne County","141",,,,,,,,,,,,,,,".",".",,,,,,,,,,,,"0500000US20141",,,"20141","Osborne County, Kansas",3364,419,247,111,111,0,136,15,15,0,121,114,7,172,123,117,6,49,2945,2336,1931,1918,13,405,193,151,42,212,195,17,609,572,511,61,37,"Osborne County, Kansas",15,115,106,87,87,11,63,18,18,11,64,59,7,53,40,40,7,34,118,137,181,184,17,121,91,68,34,85,76,16,76,74,79,33,24
"G2001430","2019-2023","KS",,,"Kansas","20","Ottawa County","143",,,,,,,,,,,,,,,".",".",,,,,,,,,,,,"0500000US20143",,,"20143","Ottawa County, Kansas",5654,685,514,279,276,3,235,33,10,23,202,183,19,171,145,131,14,26,4969,4402,3736,3732,4,666,298,243,55,368,337,31,567,510,413,97,57,"Ottawa County, Kansas",35,164,154,125,125,5,94,28,14,24,90,85,15,60,53,51,13,19,163,172,269,269,5,207,127,103,33,152,137,23,88,81,75,42,35
"G2001450","2019-2023","KS",,,"Kansas","20","Pawnee County","145",,,,,,,,,,,,,,,".",".",,,,,,,,,,,,"0500000US20145",,,"20145","Pawnee County, Kansas",5417,608,145,96,96,0,49,0,0,0,49,21,28,463,237,185,52,226,4809,3675,3243,3243,0,432,206,198,8,226,211,15,1134,989,801,188,145,"Pawnee County, Kansas",47,161,110,113,113,16,46,16,16,16,46,29,34,111,81,77,45,80,176,259,285,285,16,163,111,107,11,121,114,18,217,188,178,96,75
"G2001470","2019-2023","KS",,,"Kansas","20","Phillips County","147",,,,,,,,,,,,,,,".",".",,,,,,,,,,,,"0500000US20147",,,"20147","Phillips County, Kansas",4775,661,495,72,72,0,423,160,137,23,263,247,16,166,118,110,8,48,4114,3199,2831,2829,2,368,78,69,9,290,261,29,915,854,785,69,61,"Phillips County, Kansas",19,173,165,41,41,11,159,96,84,27,142,141,19,61,40,40,8,34,174,212,241,241,3,116,39,37,11,111,109,30,142,135,134,30,27
"G2001490","2019-2023","KS",,,"Kansas","20","Pottawatomie County","149",,,,,,,,,,,,,,,".",".",,,,,,,,,,,,"0500000US20149",,,"20149","Pottawatomie County, Kansas",25453,1810,1117,458,347,111,659,68,68,0,591,580,11,693,446,377,69,247,23643,21196,19287,19276,11,1909,836,702,134,1073,999,74,2447,2074,1784,290,373,"Pottawatomie County, Kansas",41,337,347,220,212,118,280,114,114,21,278,278,11,179,157,147,51,88,339,542,719,720,18,483,313,269,102,349,349,54,356,307,289,120,145
"G2001510","2019-2023","KS",,,"Kansas","20","Pratt County","151",,,,,,,,,,,,,,,".",".",,,,,,,,,,,,"0500000US20151",,,"20151","Pratt County, Kansas",8514,813,489,200,166,34,289,104,56,48,185,173,12,324,257,231,26,67,7701,6281,4321,4306,15,1960,569,529,40,1391,1290,101,1420,1185,1020,165,235,"Pratt County, Kansas",85,194,183,118,113,37,171,61,53,56,154,152,16,89,84,80,23,28,219,305,522,517,29,428,251,246,36,442,416,64,265,209,185,84,107
"G2001530","2019-2023","KS",,,"Kansas","20","Rawlins County","153",,,,,,,,,,,,,,,".",".",,,,,,,,,,,,"0500000US20153",,,"20153","Rawlins County, Kansas",2497,252,203,96,93,3,107,10,6,4,97,83,14,49,47,42,5,2,2245,1835,1506,1504,2,329,146,116,30,183,176,7,410,394,380,14,16,"Rawlins County, Kansas",2,81,76,54,53,5,48,12,10,6,47,40,13,22,21,20,6,6,81,107,165,166,4,148,108,86,28,104,104,10,80,74,74,15,15
"G2001550","2019-2023","KS",,,"Kansas","20","Reno County","155",,,,,,,,,,,,,,,".",".",,,,,,,,,,,,"0500000US20155",,,"20155","Reno County, Kansas",58310,7252,4791,1952,1866,86,2839,874,528,346,1965,1793,172,2461,1892,1476,416,569,51058,41211,32934,32886,48,8277,2637,2368,269,5640,5196,444,9847,8386,7208,1178,1461,"Reno County, Kansas",233,812,827,616,599,69,610,528,402,200,485,472,85,412,326,298,155,174,809,987,1301,1299,41,1035,564,521,113,976,925,193,668,565,546,236,357
"G2001570","2019-2023","KS",,,"Kansas","20","Republic County","157",,,,,,,,,,,,,,,".",".",,,,,,,,,,,,"0500000US20157",,,"20157","Republic County, Kansas",4557,665,480,233,233,0,247,128,114,14,119,114,5,185,141,123,18,44,3892,3110,2656,2625,31,454,107,96,11,347,325,22,782,723,687,36,59,"Republic County, Kansas",33,156,139,100,100,11,124,97,94,20,94,93,8,78,56,53,16,41,152,181,237,234,36,139,61,60,12,115,110,17,102,94,91,18,35
"G2001590","2019-2023","KS",,,"Kansas","20","Rice County","159",,,,,,,,,,,,,,,".",".",,,,,,,,,,,,"0500000US20159",,,"20159","Rice County, Kansas",8747,644,375,136,120,16,239,14,10,4,225,225,0,269,244,226,18,25,8103,6959,6232,6210,22,727,235,215,20,492,468,24,1144,1089,1006,83,55,"Rice County, Kansas",21,191,154,72,73,13,148,12,9,5,147,147,16,94,87,86,19,21,195,267,313,314,31,236,125,111,21,214,217,17,168,158,152,56,35
"G2001610","2019-2023","KS",,,"Kansas","20","Riley County","161",,,,,,,,,,,,,,,".",".",,,,,,,,,,,,"0500000US20161",,,"20161","Riley County, Kansas",61260,13499,4522,1859,1826,33,2663,750,686,64,1913,1795,118,8977,4501,2035,2466,4476,47761,35821,30841,30584,257,4980,1877,1694,183,3103,2914,189,11940,8723,6603,2120,3217,"Riley County, Kansas",390,1177,946,645,647,40,708,419,385,55,550,513,92,811,479,305,396,660,1264,1443,1731,1696,187,994,610,536,169,861,817,132,866,710,684,445,571
"G2001630","2019-2023","KS",,,"Kansas","20","Rooks County","163",,,,,,,,,,,,,,,".",".",,,,,,,,,,,,"0500000US20163",,,"20163","Rooks County, Kansas",4645,247,93,46,40,6,47,18,12,6,29,29,0,154,128,126,2,26,4398,3654,3103,3103,0,551,214,200,14,337,318,19,744,665,564,101,79,"Rooks County, Kansas",26,70,42,36,35,6,31,16,15,8,26,26,11,51,45,44,3,23,80,127,216,216,11,154,91,88,13,122,114,16,95,81,91,49,44
"G2001650","2019-2023","KS",,,"Kansas","20","Rush County","165",,,,,,,,,,,,,,,".",".",,,,,,,,,,,,"0500000US20165",,,"20165","Rush County, Kansas",2881,329,200,81,81,0,119,89,69,20,30,30,0,129,98,89,9,31,2552,1945,1510,1510,0,435,146,123,23,289,273,16,607,548,485,63,59,"Rush County, Kansas",170,100,86,46,46,11,73,71,68,16,16,16,11,49,36,36,9,27,193,195,183,183,11,171,85,71,25,153,150,15,75,79,84,32,22
"G2001670","2019-2023","KS",,,"Kansas","20","Russell County","167",,,,,,,,,,,,,,,".",".",,,,,,,,,,,,"0500000US20167",,,"20167","Russell County, Kansas",6541,1004,527,286,286,0,241,133,128,5,108,107,1,477,354,318,36,123,5537,4372,3459,3459,0,913,245,216,29,668,629,39,1165,1062,923,139,103,"Russell County, Kansas",77,268,243,216,216,16,141,106,104,10,82,82,2,160,130,124,35,77,276,365,404,404,16,248,133,141,28,232,222,42,243,223,214,76,60
"G2001690","2019-2023","KS",,,"Kansas","20","Saline County","169",,,,,,,,,,,,,,,".",".",,,,,,,,,,,,"0500000US20169",,,"20169","Saline County, Kansas",52312,6457,3445,1571,1538,33,1874,135,104,31,1739,1659,80,3012,2267,1934,333,745,45855,37887,27895,27890,5,9992,2971,2782,189,7021,6390,631,7968,6734,5697,1037,1234,"Saline County, Kansas",133,1030,878,734,730,68,603,158,149,35,599,575,63,506,409,355,146,202,1024,1005,1377,1377,8,1260,832,785,131,1046,1018,250,730,539,526,292,337
"G2001710","2019-2023","KS",,,"Kansas","20","Scott County","171",,,,,,,,,,,,,,,".",".",,,,,,,,,,,,"0500000US20171",,,"20171","Scott County, Kansas",4933,436,397,226,211,15,171,0,0,0,171,171,0,39,34,34,0,5,4497,3821,3322,3322,0,499,343,255,88,156,89,67,676,667,642,25,9,"Scott County, Kansas",60,273,264,183,175,29,137,16,16,16,137,137,16,47,46,46,16,9,276,361,412,412,16,239,241,185,68,135,106,80,174,169,171,35,16
"G2001730","2019-2023","KS",,,"Kansas","20","Sedgwick County","173",,,,,,,,,,,,,,,".",".",,,,,,,,,,,,"0500000US20173",,,"20173","Sedgwick County, Kansas",516113,72477,50656,19063,18116,947,31593,5863,4038,1825,25730,24007,1723,21821,14955,12096,2859,6866,443636,371734,287193,286366,827,84541,27481,25567,1914,57060,53043,4017,71902,60966,51441,9525,10936,"Sedgwick County, Kansas",482,3610,3426,1964,1996,302,3066,1046,900,350,2685,2595,418,1249,972,914,479,699,3624,3912,4640,4616,292,4168,2502,2376,388,3152,2955,565,1846,1493,1370,809,847
"G2001750","2019-2023","KS",,,"Kansas","20","Seward County","175",,,,,,,,,,,,,,,".",".",,,,,,,,,,,,"0500000US20175",,,"20175","Seward County, Kansas",21283,2762,2232,819,801,18,1413,184,142,42,1229,1155,74,530,377,319,58,153,18521,16179,11940,11887,53,4239,987,969,18,3252,3120,132,2342,2052,1786,266,290,"Seward County, Kansas",39,782,753,510,509,22,626,175,153,39,591,577,90,187,164,139,56,96,783,847,1175,1192,74,960,432,432,29,848,831,83,370,311,306,128,134
"G2001770","2019-2023","KS",,,"Kansas","20","Shawnee County","177",,,,,,,,,,,,,,,".",".",,,,,,,,,,,,"0500000US20177",,,"20177","Shawnee County, Kansas",173782,21495,13660,4430,4144,286,9230,2196,1693,503,7034,6484,550,7835,5083,4199,884,2752,152287,124938,95538,95376,162,29400,9224,8621,603,20176,18504,1672,27349,23808,20401,3407,3541,"Shawnee County, Kansas",201,1743,1640,1101,1105,163,1337,773,710,238,1179,1144,185,694,531,471,210,362,1774,2005,3301,3314,103,2499,1289,1237,167,2159,2037,384,1132,994,971,433,433
"G2001790","2019-2023","KS",,,"Kansas","20","Sheridan County","179",,,,,,,,,,,,,,,".",".",,,,,,,,,,,,"0500000US20179",,,"20179","Sheridan County, Kansas",2414,252,158,96,96,0,62,0,0,0,62,55,7,94,39,39,0,55,2162,1710,1435,1435,0,275,120,120,0,155,153,2,452,404,340,64,48,"Sheridan County, Kansas",10,81,65,58,58,11,43,11,11,11,43,42,11,42,26,26,11,38,80,130,157,157,11,108,81,81,11,71,71,4,93,70,62,43,40
"G2001810","2019-2023","KS",,,"Kansas","20","Sherman County","181",,,,,,,,,,,,,,,".",".",,,,,,,,,,,,"0500000US20181",,,"20181","Sherman County, Kansas",5554,557,306,45,41,4,261,53,53,0,208,186,22,251,189,176,13,62,4997,4261,3341,3341,0,920,178,178,0,742,717,25,736,648,608,40,88,"Sherman County, Kansas",45,215,181,43,42,8,174,91,91,16,146,138,36,111,86,86,19,59,205,266,348,348,16,291,166,166,16,306,299,28,209,178,173,41,70
"G2001830","2019-2023","KS",,,"Kansas","20","Smith County","183",,,,,,,,,,,,,,,".",".",,,,,,,,,,,,"0500000US20183",,,"20183","Smith County, Kansas",3509,275,137,66,60,6,71,8,5,3,63,42,21,138,93,88,5,45,3234,2688,2313,2313,0,375,231,231,0,144,144,0,546,530,495,35,16,"Smith County, Kansas",25,72,70,47,45,6,46,9,7,5,45,34,17,37,33,32,6,22,69,103,146,146,11,122,106,106,11,70,70,11,80,76,72,27,11
"G2001850","2019-2023","KS",,,"Kansas","20","Stafford County","185",,,,,,,,,,,,,,,".",".",,,,,,,,,,,,"0500000US20185",,,"20185","Stafford County, Kansas",3903,422,266,147,147,0,119,12,7,5,107,94,13,156,98,61,37,58,3481,2951,2509,2509,0,442,119,110,9,323,307,16,530,424,386,38,106,"Stafford County, Kansas",9,90,87,74,74,11,58,14,10,8,56,54,16,51,34,26,28,25,89,122,176,176,11,123,70,63,14,107,104,19,86,59,57,21,57
"G2001870","2019-2023","KS",,,"Kansas","20","Stanton County","187",,,,,,,,,,,,,,,".",".",,,,,,,,,,,,"0500000US20187",,,"20187","Stanton County, Kansas",1988,256,246,242,242,0,4,4,0,4,0,0,0,10,3,3,0,7,1732,1311,1098,1098,0,213,14,14,0,199,199,0,421,322,239,83,99,"Stanton County, Kansas",10,285,284,284,284,11,6,6,11,6,11,11,11,11,5,5,11,11,281,260,288,288,11,159,21,21,11,157,157,11,121,101,102,48,61
"G2001890","2019-2023","KS",,,"Kansas","20","Stevens County","189",,,,,,,,,,,,,,,".",".",,,,,,,,,,,,"0500000US20189",,,"20189","Stevens County, Kansas",5104,780,691,97,97,0,594,514,413,101,80,48,32,89,80,71,9,9,4324,3845,3099,3089,10,746,447,443,4,299,283,16,479,435,395,40,44,"Stevens County, Kansas",18,376,391,55,55,16,385,404,350,78,64,44,46,58,56,53,15,15,375,348,361,362,20,244,210,208,7,188,179,19,129,116,119,34,43
"G2001910","2019-2023","KS",,,"Kansas","20","Sumner County","191",,,,,,,,,,,,,,,".",".",,,,,,,,,,,,"0500000US20191",,,"20191","Sumner County, Kansas",21860,2351,1572,989,970,19,583,106,42,64,477,415,62,779,693,593,100,86,19509,16482,13840,13776,64,2642,708,661,47,1934,1724,210,3027,2678,2392,286,349,"Sumner County, Kansas",113,414,364,298,296,22,214,63,36,49,211,195,49,186,173,167,52,45,427,548,684,690,54,472,190,173,34,441,409,84,397,329,295,103,126
"G2001930","2019-2023","KS",,,"Kansas","20","Thomas County","193",,,,,,,,,,,,,,,".",".",,,,,,,,,,,,"0500000US20193",,,"20193","Thomas County, Kansas",7488,516,262,40,38,2,222,71,42,29,151,151,0,254,250,209,41,4,6972,5938,5164,5163,1,774,455,421,34,319,279,40,1034,890,796,94,144,"Thomas County, Kansas",33,205,167,40,39,4,159,67,57,39,133,133,16,136,136,127,37,4,207,298,481,481,3,348,288,257,52,177,157,41,253,199,191,69,99
"G2001950","2019-2023","KS",,,"Kansas","20","Trego County","195",,,,,,,,,,,,,,,".",".",,,,,,,,,,,,"0500000US20195",,,"20195","Trego County, Kansas",2704,149,81,18,18,0,63,5,5,0,58,58,0,68,50,44,6,18,2555,2142,1908,1908,0,234,60,53,7,174,156,18,413,393,361,32,20,"Trego County, Kansas",20,67,58,19,19,11,57,9,9,11,56,56,11,30,25,26,9,16,66,108,148,148,11,121,48,46,8,110,100,18,87,83,84,23,17
"G2001970","2019-2023","KS",,,"Kansas","20","Wabaunsee County","197",,,,,,,,,,,,,,,".",".",,,,,,,,,,,,"0500000US20197",,,"20197","Wabaunsee County, Kansas",6804,480,341,162,139,23,179,0,0,0,179,126,53,139,133,118,15,6,6324,5562,4741,4741,0,821,341,333,8,480,428,52,762,698,648,50,64,"Wabaunsee County, Kansas",20,106,103,69,65,23,81,16,16,16,81,70,55,42,41,36,16,8,109,202,302,302,16,175,109,109,8,135,126,30,146,140,138,28,36
"G2001990","2019-2023","KS",,,"Kansas","20","Wallace County","199",,,,,,,,,,,,,,,".",".",,,,,,,,,,,,"0500000US20199",,,"20199","Wallace County, Kansas",1435,184,139,77,77,0,62,0,0,0,62,58,4,45,37,30,7,8,1251,1011,854,854,0,157,96,76,20,61,48,13,240,237,235,2,3,"Wallace County, Kansas",123,72,69,55,55,11,49,11,11,11,49,48,6,40,33,31,11,14,123,120,113,113,11,68,62,47,19,33,31,18,51,51,50,5,4
"G2002010","2019-2023","KS",,,"Kansas","20","Washington County","201",,,,,,,,,,,,,,,".",".",,,,,,,,,,,,"0500000US20201",,,"20201","Washington County, Kansas",5420,440,264,130,130,0,134,17,15,2,117,109,8,176,134,123,11,42,4980,4050,3631,3631,0,419,176,168,8,243,219,24,930,865,777,88,65,"Washington County, Kansas",7,90,75,53,53,16,61,19,17,4,59,56,13,42,40,36,10,24,90,124,172,172,16,120,79,73,11,75,70,14,98,91,89,28,28
"G2002030","2019-2023","KS",,,"Kansas","20","Wichita County","203",,,,,,,,,,,,,,,".",".",,,,,,,,,,,,"0500000US20203",,,"20203","Wichita County, Kansas",2096,342,237,87,85,2,150,6,6,0,144,144,0,105,102,30,72,3,1754,1526,1308,1308,0,218,98,93,5,120,100,20,228,209,196,13,19,"Wichita County, Kansas",3,172,159,111,111,4,129,10,10,11,127,127,11,68,65,27,66,6,171,189,221,221,11,138,81,73,11,101,101,30,85,70,64,23,33
"G2002050","2019-2023","KS",,,"Kansas","20","Wilson County","205",,,,,,,,,,,,,,,".",".",,,,,,,,,,,,"0500000US20205",,,"20205","Wilson County, Kansas",8429,1331,931,405,382,23,526,117,15,102,409,348,61,400,216,194,22,184,7098,6095,4617,4609,8,1478,600,552,48,878,848,30,1003,905,804,101,98,"Wilson County, Kansas",7,209,184,167,163,21,169,68,19,58,164,158,45,111,67,63,27,101,207,255,425,425,12,416,229,218,35,373,370,22,159,152,155,46,48
"G2002070","2019-2023","KS",,,"Kansas","20","Woodson County","207",,,,,,,,,,,,,,,".",".",,,,,,,,,,,,"0500000US20207",,,"20207","Woodson County, Kansas",3079,379,266,142,142,0,124,29,22,7,95,80,15,113,82,78,4,31,2700,2284,1810,1810,0,474,156,142,14,318,287,31,416,389,352,37,27,"Woodson County, Kansas",21,103,92,71,71,11,60,29,26,8,51,44,15,47,32,32,5,35,108,130,213,213,11,181,101,93,20,142,125,29,83,80,80,24,17
"G2002090","2019-2023","KS",,,"Kansas","20","Wyandotte County","209",,,,,,,,,,,,,,,".",".",,,,,,,,,,,,"0500000US20209",,,"20209","Wyandotte County, Kansas",165387,28943,22342,8978,8699,279,13364,1856,1406,450,11508,10869,639,6601,5098,4196,902,1503,136444,115307,77490,77052,438,37817,11276,10541,735,26541,24528,2013,21137,17312,14232,3080,3825,"Wyandotte County, Kansas",306,1920,1931,1548,1539,184,1663,527,472,165,1614,1609,252,679,601,574,223,319,1918,2163,2385,2359,159,2608,1489,1376,238,2157,2046,355,1207,978,933,408,538
