GISJOIN,YEAR,STUSAB,REGIONA,DIVISIONA,STATE,STATEA,COUNTY,COUNTYA,COUSUBA,PLACEA,TRACTA,BLKGRPA,CONCITA,AIANHHA,RES_ONLYA,TRUSTA,AIHHTLI,AITSA,ANRCA,CBSAA,CSAA,METDIVA,CNECTA,NECTADIV,UAA,CDCURRA,SLDUA,SLDLA,ZCTA5A,SUBMCDA,SDELMA,SDSECA,SDUNIA,PCI,PUMAA,GEO_ID,BTTRA,BTBGA,TL_GEO_ID,NAME_E,ASSUE001,ASSUE002,ASSUE003,ASSUE004,ASSUE005,ASSUE006,ASSUE007,ASSUE008,ASSUE009,ASSUE010,ASSUE011,ASSUE012,ASSUE013,ASSUE014,ASSUE015,ASSUE016,ASSUE017,ASSUE018,ASSUE019,ASSUE020,ASSUE021,ASSUE022,ASSUE023,ASSUE024,ASSUE025,ASSUE026,ASSUE027,ASSUE028,ASSUE029,ASSUE030,ASSUE031,ASSUE032,ASSUE033,ASSUE034,ASSUE035,ASSUE036,ASSUE037,ASSUE038,ASSUE039,ASSUE040,ASSUE041,ASSUE042,ASSUE043,ASSUE044,ASSUE045,ASSUE046,ASSUE047,ASSUE048,ASSUE049,ASSUE050,ASSUE051,ASSUE052,ASSUE053,ASSUE054,ASSUE055,ASSUE056,ASSUE057,ASSUE058,ASSUE059,ASSUE060,ASSUE061,ASSUE062,ASSUE063,ASSUE064,ASSUE065,ASSUE066,ASSUE067,ASSUE068,ASSUE069,ASSUE070,ASSUE071,ASSUE072,ASSUE073,NAME_M,ASSUM001,ASSUM002,ASSUM003,ASSUM004,ASSUM005,ASSUM006,ASSUM007,ASSUM008,ASSUM009,ASSUM010,ASSUM011,ASSUM012,ASSUM013,ASSUM014,ASSUM015,ASSUM016,ASSUM017,ASSUM018,ASSUM019,ASSUM020,ASSUM021,ASSUM022,ASSUM023,ASSUM024,ASSUM025,ASSUM026,ASSUM027,ASSUM028,ASSUM029,ASSUM030,ASSUM031,ASSUM032,ASSUM033,ASSUM034,ASSUM035,ASSUM036,ASSUM037,ASSUM038,ASSUM039,ASSUM040,ASSUM041,ASSUM042,ASSUM043,ASSUM044,ASSUM045,ASSUM046,ASSUM047,ASSUM048,ASSUM049,ASSUM050,ASSUM051,ASSUM052,ASSUM053,ASSUM054,ASSUM055,ASSUM056,ASSUM057,ASSUM058,ASSUM059,ASSUM060,ASSUM061,ASSUM062,ASSUM063,ASSUM064,ASSUM065,ASSUM066,ASSUM067,ASSUM068,ASSUM069,ASSUM070,ASSUM071,ASSUM072,ASSUM073
"G2000010","2019-2023","KS",,,"Kansas","20","Allen County","001",,,,,,,,,,,,,,,".",".",,,,,,,,,,,,"0500000US20001",,,"20001","Allen County, Kansas",5607,3090,774,283,230,53,155,11,137,7,255,51,4,142,58,81,70,11,344,64,26,17,9,188,66,0,393,252,141,651,14,341,296,928,479,307,142,2517,1068,248,138,110,73,67,6,0,499,87,0,364,48,248,157,91,434,112,18,0,18,133,69,102,689,238,451,72,10,52,10,254,186,27,41,"Allen County, Kansas",301,173,147,84,75,36,71,12,70,9,115,44,6,84,53,51,49,16,92,44,20,18,9,83,44,18,130,111,71,129,13,108,86,143,124,100,64,231,158,81,62,53,46,46,10,18,119,52,18,108,46,78,65,42,143,67,29,18,29,76,36,57,151,111,118,60,16,57,14,108,97,31,28
"G2000030","2019-2023","KS",,,"Kansas","20","Anderson County","003",,,,,,,,,,,,,,,".",".",,,,,,,,,,,,"0500000US20003",,,"20003","Anderson County, Kansas",3421,1976,470,336,309,27,56,53,3,0,52,46,6,0,0,26,19,7,175,38,95,8,87,1,41,0,123,94,29,736,45,407,284,472,255,79,138,1445,608,171,82,89,3,3,0,0,249,19,27,173,30,185,117,68,269,64,0,0,0,64,8,133,432,152,280,24,6,18,0,112,59,16,37,"Anderson County, Kansas",212,141,140,129,125,29,46,47,6,16,48,47,7,16,16,29,28,9,111,47,102,13,101,4,31,16,55,51,25,174,42,128,128,134,102,65,71,170,156,109,78,64,7,7,16,16,115,27,35,97,39,81,74,51,119,52,16,16,16,38,11,100,128,87,108,31,8,29,16,66,58,14,29
"G2000050","2019-2023","KS",,,"Kansas","20","Atchison County","005",,,,,,,,,,,,,,,".",".",,,,,,,,,,,,"0500000US20005",,,"20005","Atchison County, Kansas",7828,3867,1229,783,678,105,131,36,59,36,304,26,17,168,93,11,9,2,622,44,196,15,181,162,174,46,689,401,288,704,80,561,63,623,261,146,216,3961,1570,401,240,161,68,37,0,31,695,73,4,601,17,406,290,116,1048,312,131,4,127,392,55,158,986,351,635,20,4,16,0,337,91,46,200,"Atchison County, Kansas",345,230,194,182,173,76,75,31,54,32,108,28,20,71,75,14,13,3,136,39,75,15,73,103,93,40,188,160,116,152,53,144,39,141,86,72,90,255,276,136,95,93,57,44,18,33,157,46,6,151,24,199,155,70,205,137,94,6,93,158,47,62,178,119,147,16,5,14,18,158,101,36,111
"G2000070","2019-2023","KS",,,"Kansas","20","Barber County","007",,,,,,,,,,,,,,,".",".",,,,,,,,,,,,"0500000US20007",,,"20007","Barber County, Kansas",2105,1114,364,321,297,24,3,0,1,2,33,8,5,20,0,7,5,2,63,0,23,0,23,6,25,9,74,60,14,303,51,121,131,310,146,74,90,991,455,113,105,8,0,0,0,0,188,38,6,137,7,154,114,40,246,147,1,0,1,44,33,21,272,84,188,8,8,0,0,10,5,3,2,"Barber County, Kansas",157,116,96,95,93,24,4,11,2,3,20,9,7,16,11,7,7,3,29,11,19,11,19,8,17,10,36,35,13,72,31,59,50,76,67,31,36,83,67,42,41,10,11,11,11,11,44,21,11,39,9,53,51,24,65,58,2,11,2,18,19,16,58,35,57,9,9,11,11,12,9,4,4
"G2000090","2019-2023","KS",,,"Kansas","20","Barton County","009",,,,,,,,,,,,,,,".",".",,,,,,,,,,,,"0500000US20009",,,"20009","Barton County, Kansas",12121,6312,1897,1044,802,242,208,48,103,57,404,206,13,117,68,241,139,102,794,91,192,23,169,79,291,141,767,561,206,1360,231,869,260,1494,723,351,420,5809,2183,895,499,396,43,19,9,15,731,264,1,392,74,514,349,165,1346,351,23,8,15,604,203,165,1626,467,1159,94,54,34,6,560,194,199,167,"Barton County, Kansas",358,261,236,179,163,107,92,41,65,46,153,128,21,57,58,96,71,76,233,80,122,24,117,62,132,120,195,160,108,215,106,165,95,229,174,111,163,344,280,168,153,118,47,38,10,17,164,111,3,117,72,165,137,81,269,115,26,12,24,199,141,91,242,123,200,55,45,31,10,168,87,106,84
"G2000110","2019-2023","KS",,,"Kansas","20","Bourbon County","011",,,,,,,,,,,,,,,".",".",,,,,,,,,,,,"0500000US20011",,,"20011","Bourbon County, Kansas",6767,3556,696,358,268,90,111,26,70,15,186,32,12,125,17,41,41,0,395,0,110,67,43,56,217,12,410,264,146,652,78,368,206,1403,736,303,364,3211,1375,476,144,332,61,27,11,23,523,35,25,441,22,315,140,175,558,173,38,32,6,188,39,120,941,333,608,0,0,0,0,337,259,36,42,"Bourbon County, Kansas",350,248,142,111,105,48,70,30,58,17,83,30,22,63,24,34,34,18,135,18,67,63,38,48,102,11,127,114,69,147,73,109,98,279,247,95,146,273,206,142,86,134,55,31,24,30,149,31,31,139,18,132,72,112,143,90,42,41,9,80,38,72,215,159,186,18,18,18,18,126,121,38,28
"G2000130","2019-2023","KS",,,"Kansas","20","Brown County","013",,,,,,,,,,,,,,,".",".",,,,,,,,,,,,"0500000US20013",,,"20013","Brown County, Kansas",4337,2280,625,436,379,57,117,41,52,24,41,18,0,21,2,31,25,6,289,5,121,47,74,43,95,25,365,287,78,355,19,155,181,646,256,227,163,2057,849,239,181,58,33,16,10,7,431,76,21,307,27,146,102,44,507,117,6,4,2,142,91,151,537,226,311,27,6,17,4,137,118,3,16,"Brown County, Kansas",213,136,100,76,73,27,55,30,40,33,24,20,16,15,3,26,25,6,72,5,55,23,51,21,39,15,102,104,31,85,11,63,60,114,59,83,73,132,141,61,53,32,30,19,17,14,121,55,27,97,25,46,41,24,95,55,6,5,3,56,38,54,107,77,70,17,6,15,6,76,76,5,14
"G2000150","2019-2023","KS",,,"Kansas","20","Butler County","015",,,,,,,,,,,,,,,".",".",,,,,,,,,,,,"0500000US20015",,,"20015","Butler County, Kansas",31887,16707,5976,2832,2180,652,1600,616,858,126,1152,127,84,835,106,392,331,61,2176,42,743,219,524,483,805,103,1997,1142,855,2933,178,1290,1465,3625,2028,775,822,15180,7333,2602,1556,1046,429,269,47,113,2572,241,90,2090,151,1730,1143,587,2676,750,105,52,53,811,489,521,4330,1247,3083,151,22,57,72,690,344,182,164,"Butler County, Kansas",627,403,480,333,320,185,345,212,235,79,287,70,63,247,60,130,120,41,271,29,211,92,179,155,176,57,311,209,218,361,79,226,232,409,303,172,210,481,460,315,245,206,149,124,37,74,310,91,62,280,83,261,217,195,319,169,62,44,41,208,145,177,472,251,392,78,26,40,58,142,107,97,71
"G2000170","2019-2023","KS",,,"Kansas","20","Chase County","017",,,,,,,,,,,,,,,".",".",,,,,,,,,,,,"0500000US20017",,,"20017","Chase County, Kansas",1199,600,167,123,119,4,10,0,7,3,30,0,6,20,4,4,1,3,97,3,5,2,3,51,38,0,50,43,7,133,12,63,58,153,107,24,22,599,277,98,73,25,13,0,6,7,103,0,2,95,6,63,30,33,90,27,7,3,4,28,21,7,152,19,133,7,7,0,0,73,22,31,20,"Chase County, Kansas",72,49,46,40,39,5,11,11,9,4,16,11,10,15,4,6,3,5,37,5,6,3,4,29,19,11,29,26,9,43,18,27,23,48,40,16,18,63,51,33,31,18,13,11,10,8,33,11,5,33,7,31,21,21,27,17,7,4,6,17,17,11,38,16,30,10,10,11,11,41,27,22,19
"G2000190","2019-2023","KS",,,"Kansas","20","Chautauqua County","019",,,,,,,,,,,,,,,".",".",,,,,,,,,,,,"0500000US20019",,,"20019","Chautauqua County, Kansas",1363,718,180,116,106,10,4,0,0,4,50,10,0,37,3,10,0,10,73,8,14,1,13,7,44,0,33,12,21,231,29,135,67,201,103,59,39,645,268,64,48,16,0,0,0,0,127,4,0,120,3,77,34,43,221,119,3,3,0,29,58,12,135,49,86,6,0,3,3,15,12,3,0,"Chautauqua County, Kansas",87,69,43,39,41,9,6,11,11,6,24,11,11,22,4,12,11,12,32,8,13,3,12,10,26,11,17,10,13,54,18,41,31,49,34,25,27,58,62,32,25,12,11,11,11,11,39,6,11,41,5,37,26,24,54,40,6,6,11,24,29,10,44,24,34,9,11,6,7,11,10,5,11
"G2000210","2019-2023","KS",,,"Kansas","20","Cherokee County","021",,,,,,,,,,,,,,,".",".",,,,,,,,,,,,"0500000US20021",,,"20021","Cherokee County, Kansas",9099,4642,839,440,343,97,118,42,73,3,194,47,5,118,24,87,53,34,857,42,197,88,109,164,366,88,481,253,228,892,45,400,447,1573,805,449,319,4457,1574,465,264,201,72,33,13,26,487,45,11,401,30,550,449,101,1185,363,71,64,7,365,189,197,1226,259,967,109,53,15,41,363,228,12,123,"Cherokee County, Kansas",340,227,166,113,97,61,63,30,57,4,79,37,7,65,28,72,58,33,183,47,95,62,62,66,119,53,149,129,108,182,42,127,127,197,203,131,112,258,239,126,79,89,49,34,20,25,142,45,16,128,33,161,155,49,211,125,44,43,11,110,93,90,219,81,214,68,64,15,41,130,101,12,81
"G2000230","2019-2023","KS",,,"Kansas","20","Cheyenne County","023",,,,,,,,,,,,,,,".",".",,,,,,,,,,,,"0500000US20023",,,"20023","Cheyenne County, Kansas",1262,667,258,183,172,11,22,1,10,11,46,5,0,15,26,7,7,0,98,9,2,0,2,31,16,40,43,31,12,164,63,50,51,104,25,31,48,595,236,77,75,2,23,2,14,7,86,0,7,79,0,50,49,1,146,77,0,0,0,32,23,14,192,43,149,6,6,0,0,15,8,0,7,"Cheyenne County, Kansas",76,54,65,63,60,12,21,3,14,15,30,7,11,16,22,11,11,11,45,14,5,11,5,27,16,37,28,21,14,43,39,27,27,39,18,22,23,57,55,39,39,4,18,4,14,9,36,11,8,34,11,31,30,4,45,41,11,11,11,20,16,15,54,30,55,12,12,11,11,13,9,11,10
"G2000250","2019-2023","KS",,,"Kansas","20","Clark County","025",,,,,,,,,,,,,,,".",".",,,,,,,,,,,,"0500000US20025",,,"20025","Clark County, Kansas",949,499,157,118,104,14,8,1,6,1,29,13,8,8,0,2,2,0,66,0,14,8,6,4,46,2,44,40,4,132,42,45,45,100,48,39,13,450,251,90,70,20,2,2,0,0,75,30,5,30,10,84,60,24,61,7,0,0,0,22,24,8,104,48,56,3,3,0,0,31,12,0,19,"Clark County, Kansas",115,72,38,36,38,8,10,4,9,2,15,8,10,7,11,3,3,11,51,11,8,6,6,6,48,4,23,22,5,36,18,22,22,37,32,18,9,66,44,35,35,16,3,3,11,11,25,18,4,14,9,28,23,15,26,7,11,11,11,12,21,9,45,36,24,4,4,11,11,20,11,11,17
"G2000270","2019-2023","KS",,,"Kansas","20","Clay County","027",,,,,,,,,,,,,,,".",".",,,,,,,,,,,,"0500000US20027",,,"20027","Clay County, Kansas",3647,2039,595,310,270,40,141,66,25,50,123,14,1,83,25,21,21,0,178,0,30,9,21,47,79,22,200,138,62,495,73,220,202,571,262,177,132,1608,782,207,142,65,26,0,2,24,304,58,0,243,3,245,120,125,360,144,8,3,5,51,88,69,394,164,230,2,0,2,0,70,46,17,7,"Clay County, Kansas",278,177,150,92,87,32,77,50,27,46,76,17,2,68,28,27,27,16,70,16,27,11,22,45,55,25,76,71,33,132,39,80,90,171,113,109,79,177,153,74,65,32,25,16,4,25,110,52,16,93,5,88,61,71,115,76,7,4,6,50,53,49,114,72,94,4,16,4,16,47,40,20,8
"G2000290","2019-2023","KS",,,"Kansas","20","Cloud County","029",,,,,,,,,,,,,,,".",".",,,,,,,,,,,,"0500000US20029",,,"20029","Cloud County, Kansas",4164,2176,691,481,459,22,63,19,44,0,129,65,0,35,29,18,15,3,239,31,78,52,26,72,55,3,210,124,86,533,140,185,208,503,326,113,64,1988,809,152,100,52,24,24,0,0,363,81,6,223,53,270,195,75,501,190,17,17,0,136,40,118,534,179,355,85,54,31,0,59,19,29,11,"Cloud County, Kansas",243,153,130,100,96,19,35,17,29,16,69,57,16,27,41,20,19,5,79,31,51,47,28,52,36,4,82,53,59,125,75,72,88,94,89,50,33,171,166,50,41,28,23,23,16,16,115,45,12,85,54,96,76,55,113,66,16,16,16,71,27,68,101,77,89,55,42,35,16,34,16,25,19
"G2000310","2019-2023","KS",,,"Kansas","20","Coffey County","031",,,,,,,,,,,,,,,".",".",,,,,,,,,,,,"0500000US20031",,,"20031","Coffey County, Kansas",3826,1964,579,343,259,84,86,19,35,32,115,34,17,56,8,35,13,22,284,3,75,48,27,67,126,13,193,133,60,417,30,235,152,491,203,132,156,1862,796,261,208,53,19,6,2,11,327,102,0,219,6,189,121,68,344,79,24,19,5,144,41,56,584,177,407,11,3,8,0,127,45,33,49,"Coffey County, Kansas",175,121,111,95,74,57,39,18,21,24,48,34,21,33,9,18,12,14,61,4,30,19,23,38,43,11,53,53,29,76,21,56,57,101,65,45,63,105,116,74,65,30,10,7,3,9,94,45,16,74,7,48,40,30,85,33,14,13,7,62,19,30,104,67,93,11,5,10,16,44,23,17,34
"G2000330","2019-2023","KS",,,"Kansas","20","Comanche County","033",,,,,,,,,,,,,,,".",".",,,,,,,,,,,,"0500000US20033",,,"20033","Comanche County, Kansas",841,440,140,118,118,0,0,0,0,0,13,6,2,5,0,9,3,6,36,9,12,12,0,10,2,3,59,39,20,129,28,49,52,76,25,14,37,401,204,92,74,18,1,0,0,1,66,5,2,55,4,45,18,27,90,46,3,3,0,16,16,9,72,18,54,12,12,0,0,23,5,2,16,"Comanche County, Kansas",112,70,42,37,37,11,11,11,11,11,10,7,3,6,11,10,3,10,33,13,19,19,11,8,4,4,40,23,32,42,22,26,23,29,14,13,20,74,65,58,59,16,4,11,11,4,34,9,3,33,5,24,16,20,35,26,4,4,11,16,14,6,25,13,23,7,7,11,11,20,8,3,19
"G2000350","2019-2023","KS",,,"Kansas","20","Cowley County","035",,,,,,,,,,,,,,,".",".",,,,,,,,,,,,"0500000US20035",,,"20035","Cowley County, Kansas",15226,8110,2077,1155,985,170,362,106,205,51,454,70,14,327,43,106,87,19,1272,122,277,75,202,427,351,95,794,461,333,1662,61,855,746,2305,1121,402,782,7116,3155,1077,720,357,121,36,34,51,1259,219,47,934,59,698,386,312,1628,566,91,53,38,326,424,221,1649,529,1120,77,8,34,35,607,360,87,160,"Cowley County, Kansas",484,316,236,225,211,92,92,57,68,35,126,43,20,118,38,62,56,20,218,77,89,48,74,160,120,46,167,128,101,223,43,183,178,341,188,131,243,312,274,173,140,126,71,28,33,56,194,85,43,187,43,146,107,99,264,169,50,38,27,87,158,88,245,157,200,47,14,38,23,151,109,82,105
"G2000370","2019-2023","KS",,,"Kansas","20","Crawford County","037",,,,,,,,,,,,,,,".",".",,,,,,,,,,,,"0500000US20037",,,"20037","Crawford County, Kansas",19664,10293,2771,1269,994,275,499,195,219,85,757,108,63,403,183,246,131,115,1729,224,464,204,260,621,335,85,1798,1112,686,1487,117,690,680,2508,1186,471,851,9371,3996,1418,634,784,55,37,0,18,1674,311,34,1201,128,849,627,222,2193,529,28,8,20,928,227,481,2286,714,1572,118,41,61,16,778,506,67,205,"Crawford County, Kansas",499,422,326,257,239,116,130,87,77,55,168,66,50,133,114,119,68,91,294,137,145,88,106,198,118,70,263,203,205,265,75,158,210,396,251,114,253,355,327,227,141,205,40,33,24,23,253,108,32,224,74,189,150,108,245,139,31,10,28,222,93,177,294,169,263,65,27,57,22,168,146,43,93
"G2000390","2019-2023","KS",,,"Kansas","20","Decatur County","039",,,,,,,,,,,,,,,".",".",,,,,,,,,,,,"0500000US20039",,,"20039","Decatur County, Kansas",1375,763,307,278,269,9,14,7,2,5,8,3,0,5,0,7,7,0,52,0,18,15,3,12,16,6,91,31,60,176,48,68,60,137,98,34,5,612,279,82,51,31,0,0,0,0,127,7,0,107,13,70,57,13,144,19,0,0,0,59,35,31,174,45,129,2,1,1,0,13,8,0,5,"Decatur County, Kansas",95,72,74,74,70,13,14,9,5,8,11,5,11,11,11,12,12,11,35,11,21,19,7,17,15,11,62,25,56,57,32,45,26,58,52,21,7,57,67,46,34,24,11,11,11,11,58,8,11,53,15,43,37,13,56,14,11,11,11,30,29,27,61,31,59,3,2,3,11,15,13,11,7
"G2000410","2019-2023","KS",,,"Kansas","20","Dickinson County","041",,,,,,,,,,,,,,,".",".",,,,,,,,,,,,"0500000US20041",,,"20041","Dickinson County, Kansas",8998,4677,1264,645,547,98,268,27,219,22,216,45,5,150,16,135,91,44,559,13,156,53,103,108,262,20,445,335,110,1088,90,338,660,1321,673,403,245,4321,1892,513,302,211,22,9,0,13,689,112,15,534,28,668,330,338,767,253,29,26,3,155,203,127,1225,351,874,73,60,6,7,364,272,22,70,"Dickinson County, Kansas",315,223,217,133,125,49,78,27,74,20,91,38,9,84,14,103,93,44,143,16,69,31,65,90,111,20,148,139,50,163,53,90,146,200,187,92,87,211,230,128,84,94,19,14,18,12,162,55,17,148,22,168,129,113,170,107,28,29,5,63,112,70,178,90,173,61,57,9,9,117,104,19,51
"G2000430","2019-2023","KS",,,"Kansas","20","Doniphan County","043",,,,,,,,,,,,,,,".",".",,,,,,,,,,,,"0500000US20043",,,"20043","Doniphan County, Kansas",3717,1879,504,286,257,29,120,50,63,7,75,25,21,29,0,23,22,1,256,52,73,32,41,25,86,20,146,89,57,359,21,106,232,614,361,92,161,1838,752,213,172,41,36,15,14,7,288,12,59,216,1,215,81,134,502,140,11,11,0,82,130,139,438,170,268,22,0,0,22,124,93,23,8,"Doniphan County, Kansas",189,115,89,68,64,34,66,35,52,8,46,29,30,21,16,20,20,2,83,33,55,29,44,16,46,27,49,42,32,76,13,42,73,103,91,39,63,126,106,82,74,35,17,14,11,10,81,10,47,69,3,80,36,69,123,52,15,15,16,34,91,63,111,70,74,21,16,16,21,53,45,21,14
"G2000450","2019-2023","KS",,,"Kansas","20","Douglas County","045",,,,,,,,,,,,,,,".",".",,,,,,,,,,,,"0500000US20045",,,"20045","Douglas County, Kansas",66407,33955,15175,5052,3731,1321,3969,2237,955,777,4705,458,463,2920,864,1449,999,450,4337,208,566,301,265,1927,1122,514,5003,2775,2228,3910,243,1986,1681,5530,2151,1603,1776,32452,16954,5270,3073,2197,1616,682,346,588,7162,1197,522,4131,1312,2906,2115,791,6391,1437,218,152,66,2155,658,1923,7362,2903,4459,178,10,95,73,1567,702,396,469,"Douglas County, Kansas",1048,675,805,587,512,286,570,432,260,243,543,177,184,440,286,308,275,210,489,110,159,123,104,345,247,175,673,420,486,514,155,365,360,527,397,394,377,841,870,586,491,336,411,232,153,238,785,332,166,582,436,550,390,276,668,302,114,97,63,442,253,397,753,483,529,101,16,65,81,332,226,190,189
"G2000470","2019-2023","KS",,,"Kansas","20","Edwards County","047",,,,,,,,,,,,,,,".",".",,,,,,,,,,,,"0500000US20047",,,"20047","Edwards County, Kansas",1287,762,257,211,205,6,22,10,10,2,13,4,3,6,0,11,11,0,71,3,8,0,8,11,48,1,66,38,28,175,66,67,42,193,95,33,65,525,180,66,59,7,16,13,0,3,68,4,2,55,7,30,11,19,141,45,10,0,10,12,50,24,151,36,115,13,4,0,9,40,10,8,22,"Edwards County, Kansas",78,47,39,37,38,7,16,14,12,3,9,5,4,6,11,15,15,11,28,5,11,11,11,14,22,2,25,18,16,43,34,29,25,50,40,21,38,59,47,24,24,7,14,14,11,4,27,7,3,25,6,18,8,16,39,21,15,11,15,12,26,16,33,19,31,13,6,11,10,18,9,9,12
"G2000490","2019-2023","KS",,,"Kansas","20","Elk County","049",,,,,,,,,,,,,,,".",".",,,,,,,,,,,,"0500000US20049",,,"20049","Elk County, Kansas",978,541,225,156,140,16,20,3,17,0,37,3,1,22,11,12,8,4,43,2,0,0,0,5,35,1,43,29,14,106,2,63,41,124,66,39,19,437,164,46,31,15,4,2,0,2,84,3,1,78,2,30,22,8,116,35,13,0,13,34,30,4,128,35,93,7,1,6,0,22,14,7,1,"Elk County, Kansas",79,51,52,46,46,10,13,4,12,11,22,5,3,19,11,10,9,5,21,4,11,11,11,7,21,3,20,17,12,30,3,29,22,34,28,17,12,56,39,19,17,10,4,4,11,3,24,5,2,24,3,18,15,7,33,16,13,11,13,17,15,4,33,18,30,6,2,6,11,17,12,9,2
"G2000510","2019-2023","KS",,,"Kansas","20","Ellis County","051",,,,,,,,,,,,,,,".",".",,,,,,,,,,,,"0500000US20051",,,"20051","Ellis County, Kansas",16511,8820,3091,1408,1031,377,575,343,106,126,794,85,22,523,164,314,157,157,1504,126,203,120,83,714,326,135,1205,764,441,1428,250,718,460,1592,694,540,358,7691,3661,1087,689,398,79,20,2,57,1608,378,123,1000,107,887,636,251,1728,490,3,0,3,623,301,311,1984,518,1466,7,5,0,2,311,112,39,160,"Ellis County, Kansas",419,273,327,291,234,157,219,145,94,121,194,55,16,184,113,111,78,94,295,70,90,77,56,246,117,84,205,178,165,227,155,196,123,281,201,177,121,325,329,231,223,145,67,23,4,59,261,172,73,198,89,187,163,124,364,208,4,21,4,185,128,104,285,169,224,8,8,21,4,110,50,32,93
"G2000530","2019-2023","KS",,,"Kansas","20","Ellsworth County","053",,,,,,,,,,,,,,,".",".",,,,,,,,,,,,"0500000US20053",,,"20053","Ellsworth County, Kansas",2720,1452,488,313,296,17,34,13,12,9,101,6,14,75,6,40,16,24,265,6,104,0,104,73,77,5,76,59,17,267,24,117,126,356,183,116,57,1268,543,214,163,51,5,2,3,0,145,38,0,107,0,179,122,57,360,78,52,0,52,81,77,72,310,60,250,23,13,3,7,32,2,22,8,"Ellsworth County, Kansas",113,101,80,82,79,12,19,14,9,10,31,7,15,29,7,25,13,21,72,10,52,16,52,40,40,7,43,38,14,60,17,41,47,89,56,66,29,95,91,65,58,33,6,3,5,16,46,21,16,39,16,53,44,28,80,33,38,16,38,31,41,40,85,28,79,16,12,4,9,27,3,25,8
"G2000550","2019-2023","KS",,,"Kansas","20","Finney County","055",,,,,,,,,,,,,,,".",".",,,,,,,,,,,,"0500000US20055",,,"20055","Finney County, Kansas",18628,10389,2268,1266,1051,215,264,84,125,55,613,85,19,455,54,125,77,48,1088,108,219,59,160,345,390,26,1351,792,559,2275,550,888,837,3407,1761,782,864,8239,3196,921,696,225,145,67,38,40,1316,130,31,1108,47,814,580,234,1551,497,55,42,13,421,207,371,2030,925,1105,72,53,17,2,1390,957,118,315,"Finney County, Kansas",508,336,280,211,196,110,85,54,51,46,165,56,19,149,40,65,46,48,191,81,85,51,72,116,167,26,286,207,213,361,194,254,241,438,344,203,261,384,315,216,177,109,81,65,42,36,244,82,26,210,40,177,143,109,270,146,36,37,16,171,90,174,330,210,221,59,51,21,4,299,205,93,157
"G2000570","2019-2023","KS",,,"Kansas","20","Ford County","057",,,,,,,,,,,,,,,".",".",,,,,,,,,,,,"0500000US20057",,,"20057","Ford County, Kansas",16726,9921,2005,1100,929,171,442,172,219,51,228,27,37,130,34,235,178,57,1280,55,202,109,93,248,677,98,1243,962,281,2314,417,962,935,3079,1811,608,660,6805,2437,891,520,371,26,13,5,8,1099,61,83,936,19,421,186,235,1475,258,14,7,7,665,448,90,1540,335,1205,205,47,116,42,1148,906,19,223,"Ford County, Kansas",618,393,318,298,277,102,163,115,121,48,95,32,36,71,34,99,95,40,364,71,100,68,70,137,287,69,289,263,137,356,227,289,253,481,424,192,235,414,326,201,153,151,32,22,18,16,244,39,72,225,30,152,100,106,361,124,13,8,10,256,215,56,303,118,287,119,59,106,56,281,281,38,129
"G2000590","2019-2023","KS",,,"Kansas","20","Franklin County","059",,,,,,,,,,,,,,,".",".",,,,,,,,,,,,"0500000US20059",,,"20059","Franklin County, Kansas",13437,7231,2120,981,614,367,603,256,155,192,337,41,12,215,69,199,87,112,678,22,193,74,119,153,280,30,1145,690,455,1392,51,726,615,1896,564,485,847,6206,2262,735,440,295,187,86,51,50,774,58,66,598,52,566,322,244,1478,466,73,29,44,625,86,228,1774,682,1092,19,10,0,9,673,205,150,318,"Franklin County, Kansas",360,247,332,262,181,181,166,101,68,137,126,33,18,110,49,103,50,82,198,25,94,48,79,81,125,35,248,203,175,246,47,198,163,298,140,150,212,286,246,177,146,110,97,65,49,47,171,40,52,175,33,147,122,101,251,143,39,25,31,160,45,111,263,205,186,20,16,21,14,170,83,131,96
"G2000610","2019-2023","KS",,,"Kansas","20","Geary County","061",,,,,,,,,,,,,,,".",".",,,,,,,,,,,,"0500000US20061",,,"20061","Geary County, Kansas",12582,6054,1267,494,332,162,331,192,79,60,288,81,13,166,28,154,64,90,937,67,150,105,45,339,273,108,678,387,291,1527,13,737,777,1645,818,388,439,6528,2632,896,557,339,100,41,12,47,1195,169,8,927,91,441,255,186,1539,480,27,27,0,478,148,406,1783,963,820,73,0,0,73,501,268,8,225,"Geary County, Kansas",622,492,234,131,102,83,131,113,48,46,107,54,17,76,59,87,59,61,243,75,76,55,45,142,125,90,246,201,137,322,17,215,263,302,295,199,140,349,298,205,153,116,68,30,16,48,229,91,15,196,66,161,104,139,268,165,34,34,24,134,88,183,324,262,198,92,24,24,92,172,140,11,95
"G2000630","2019-2023","KS",,,"Kansas","20","Gove County","063",,,,,,,,,,,,,,,".",".",,,,,,,,,,,,"0500000US20063",,,"20063","Gove County, Kansas",1348,755,289,232,220,12,7,2,2,3,34,6,1,25,2,16,7,9,62,8,12,2,10,13,21,8,93,80,13,172,46,78,48,139,35,74,30,593,256,63,48,15,1,0,0,1,122,1,0,121,0,70,40,30,174,76,3,3,0,34,36,25,126,41,85,14,10,3,1,23,12,5,6,"Gove County, Kansas",88,68,48,42,40,8,7,3,3,4,16,8,6,12,3,9,6,6,27,13,9,4,9,10,17,10,27,26,9,35,21,28,16,39,18,35,21,56,44,23,22,11,2,11,11,2,33,4,11,32,11,26,18,17,41,34,5,5,11,19,20,21,32,20,26,14,13,4,2,12,10,4,6
"G2000650","2019-2023","KS",,,"Kansas","20","Graham County","065",,,,,,,,,,,,,,,".",".",,,,,,,,,,,,"0500000US20065",,,"20065","Graham County, Kansas",1183,648,171,109,102,7,18,3,6,9,26,8,0,12,6,18,18,0,102,8,27,0,27,6,57,4,66,34,32,165,18,110,37,144,32,89,23,535,197,52,34,18,1,0,0,1,106,30,6,66,4,38,35,3,74,22,0,0,0,14,15,23,239,105,134,4,0,4,0,21,8,10,3,"Graham County, Kansas",89,69,45,40,41,10,14,7,9,8,18,13,11,8,10,15,15,11,36,11,20,11,20,7,30,6,31,19,24,57,23,44,21,57,20,52,16,64,49,21,16,13,4,11,11,4,37,22,8,29,5,16,16,4,27,15,11,11,11,12,12,18,57,46,43,5,11,5,11,17,11,15,4
"G2000670","2019-2023","KS",,,"Kansas","20","Grant County","067",,,,,,,,,,,,,,,".",".",,,,,,,,,,,,"0500000US20067",,,"20067","Grant County, Kansas",3572,2180,375,352,263,89,23,14,9,0,0,0,0,0,0,0,0,0,216,0,0,0,0,108,108,0,203,199,4,979,403,461,115,407,5,364,38,1392,315,137,80,57,1,0,0,1,160,0,22,129,9,17,17,0,308,130,0,0,0,86,92,0,475,71,404,104,104,0,0,190,165,0,25,"Grant County, Kansas",296,232,146,148,129,75,31,25,18,16,16,16,16,16,16,16,16,16,150,16,16,16,16,103,111,16,128,128,6,284,233,243,73,149,9,144,33,232,127,84,67,45,5,16,16,5,99,16,29,97,19,27,27,16,139,99,16,16,16,65,79,16,192,75,166,78,78,16,16,227,193,16,41
"G2000690","2019-2023","KS",,,"Kansas","20","Gray County","069",,,,,,,,,,,,,,,".",".",,,,,,,,,,,,"0500000US20069",,,"20069","Gray County, Kansas",2840,1613,519,428,364,64,42,0,34,8,42,10,3,27,2,7,4,3,130,0,51,16,35,13,60,6,221,86,135,460,144,228,88,283,129,126,28,1227,553,212,138,74,16,0,13,3,243,23,0,216,4,82,51,31,250,87,5,5,0,52,56,50,307,70,237,39,22,0,17,78,26,36,16,"Gray County, Kansas",93,63,107,98,97,35,29,16,28,8,21,11,4,14,5,7,6,4,43,16,29,13,26,9,28,7,72,46,61,91,50,73,36,78,59,47,24,83,74,70,51,57,15,16,14,5,57,24,16,55,4,34,31,20,66,41,8,8,16,24,32,25,73,39,64,28,15,16,23,41,16,27,25
"G2000710","2019-2023","KS",,,"Kansas","20","Greeley County","071",,,,,,,,,,,,,,,".",".",,,,,,,,,,,,"0500000US20071",,,"20071","Greeley County, Kansas",683,359,162,107,102,5,25,0,0,25,30,0,6,14,10,0,0,0,29,0,8,0,8,0,16,5,10,10,0,101,45,33,23,57,5,46,6,324,128,54,51,3,5,5,0,0,51,4,3,44,0,18,11,7,39,2,6,3,3,2,23,6,147,100,47,7,4,3,0,3,3,0,0,"Greeley County, Kansas",88,56,41,38,37,7,21,11,11,21,22,11,8,12,13,11,11,11,17,11,10,11,10,11,12,7,14,14,11,41,28,22,14,27,6,28,6,67,34,28,27,5,7,7,11,11,22,5,4,22,11,13,9,11,29,3,6,4,4,4,26,10,64,63,28,7,5,4,11,5,5,11,11
"G2000730","2019-2023","KS",,,"Kansas","20","Greenwood County","073",,,,,,,,,,,,,,,".",".",,,,,,,,,,,,"0500000US20073",,,"20073","Greenwood County, Kansas",2821,1611,342,213,205,8,36,0,36,0,62,21,2,31,8,31,30,1,311,85,38,1,37,42,128,18,114,61,53,342,98,147,97,502,283,146,73,1210,423,121,73,48,30,12,10,8,153,7,13,133,0,119,102,17,238,107,9,3,6,75,2,45,459,165,294,33,25,0,8,57,5,28,24,"Greenwood County, Kansas",154,86,56,49,48,8,25,16,25,16,29,19,3,20,11,20,19,4,83,46,36,2,36,24,60,15,46,31,33,76,63,49,42,80,67,49,31,107,78,30,22,24,22,13,16,12,47,8,9,44,16,42,42,16,66,52,9,5,9,37,3,30,94,46,84,25,25,16,9,23,5,18,18
"G2000750","2019-2023","KS",,,"Kansas","20","Hamilton County","075",,,,,,,,,,,,,,,".",".",,,,,,,,,,,,"0500000US20075",,,"20075","Hamilton County, Kansas",1172,700,144,131,131,0,0,0,0,0,13,1,2,8,2,0,0,0,142,25,0,0,0,15,40,62,51,37,14,304,128,105,71,59,17,34,8,472,112,34,34,0,0,0,0,0,73,10,0,62,1,5,4,1,199,45,0,0,0,57,73,24,137,36,101,11,11,0,0,13,0,9,4,"Hamilton County, Kansas",114,100,50,49,49,11,11,11,11,11,15,8,4,9,6,11,11,11,73,43,11,11,11,19,29,65,39,38,13,82,69,79,50,34,15,27,15,99,51,31,31,11,11,11,11,11,40,15,11,36,3,6,5,2,110,40,11,11,11,66,56,27,53,34,48,17,17,11,11,12,11,9,5
"G2000770","2019-2023","KS",,,"Kansas","20","Harper County","077",,,,,,,,,,,,,,,".",".",,,,,,,,,,,,"0500000US20077",,,"20077","Harper County, Kansas",2271,1219,283,177,161,16,36,7,22,7,59,19,12,19,9,11,7,4,152,9,20,6,14,26,92,5,114,77,37,342,101,80,161,328,239,42,47,1052,485,86,58,28,13,6,0,7,224,48,0,163,13,162,54,108,235,105,0,0,0,56,52,22,273,119,154,8,5,3,0,51,34,3,14,"Harper County, Kansas",105,76,64,50,51,14,32,8,27,13,30,19,13,19,10,10,7,6,61,12,16,7,12,19,55,6,39,32,22,77,56,41,49,71,59,23,26,71,79,34,30,22,12,9,16,9,67,36,16,60,14,63,35,52,66,52,16,16,16,27,31,18,69,51,52,10,8,4,16,31,27,4,11
"G2000790","2019-2023","KS",,,"Kansas","20","Harvey County","079",,,,,,,,,,,,,,,".",".",,,,,,,,,,,,"0500000US20079",,,"20079","Harvey County, Kansas",16660,8851,2852,1297,1018,279,512,209,277,26,739,182,19,451,87,304,213,91,1069,44,360,212,148,354,272,39,852,552,300,1702,27,710,965,2376,1313,673,390,7809,3193,1021,534,487,244,89,57,98,1016,305,4,625,82,912,656,256,1966,649,23,19,4,510,286,498,1999,628,1371,104,27,22,55,547,209,119,219,"Harvey County, Kansas",619,396,412,296,221,147,138,116,94,30,216,100,25,187,99,168,144,92,230,51,148,130,71,150,109,38,205,180,123,325,28,223,220,372,303,227,121,407,409,223,150,183,144,67,85,93,218,125,7,168,63,229,174,115,288,204,29,28,7,184,106,161,271,167,275,77,37,26,63,137,106,71,82
"G2000810","2019-2023","KS",,,"Kansas","20","Haskell County","081",,,,,,,,,,,,,,,".",".",,,,,,,,,,,,"0500000US20081",,,"20081","Haskell County, Kansas",1677,999,286,218,210,8,42,10,21,11,14,6,0,8,0,12,3,9,74,0,30,11,19,0,29,15,103,51,52,313,154,71,88,223,36,96,91,678,232,66,57,9,4,4,0,0,97,7,0,90,0,65,37,28,206,11,21,21,0,65,69,40,129,45,84,22,22,0,0,89,62,4,23,"Haskell County, Kansas",102,84,62,62,61,11,27,19,19,13,14,11,11,10,11,15,5,14,39,11,21,19,14,11,22,21,46,26,39,76,53,32,41,63,26,50,43,94,56,39,38,11,7,7,11,11,38,12,11,38,11,32,22,22,67,12,24,24,11,42,31,27,41,27,39,20,20,11,11,62,55,7,22
"G2000830","2019-2023","KS",,,"Kansas","20","Hodgeman County","083",,,,,,,,,,,,,,,".",".",,,,,,,,,,,,"0500000US20083",,,"20083","Hodgeman County, Kansas",834,497,223,167,164,3,25,6,16,3,29,1,0,21,7,2,2,0,35,9,2,0,2,17,0,7,33,12,21,111,46,30,35,95,37,28,30,337,152,38,33,5,0,0,0,0,73,8,7,58,0,41,15,26,79,19,14,14,0,16,9,21,103,36,67,0,0,0,0,3,0,0,3,"Hodgeman County, Kansas",96,68,61,56,56,4,16,8,12,4,15,3,11,11,11,4,4,11,33,11,4,11,4,22,11,11,18,11,17,44,29,14,19,34,22,16,18,56,35,19,18,5,11,11,11,11,28,11,8,24,11,17,13,13,34,12,15,15,11,15,7,20,35,21,27,11,11,11,11,4,11,11,4
"G2000850","2019-2023","KS",,,"Kansas","20","Jackson County","085",,,,,,,,,,,,,,,".",".",,,,,,,,,,,,"0500000US20085",,,"20085","Jackson County, Kansas",6461,3463,888,551,479,72,156,63,40,53,127,17,10,98,2,54,15,39,379,6,109,54,55,114,86,64,256,136,120,1080,62,522,496,860,430,254,176,2998,1261,461,336,125,77,56,0,21,444,94,33,293,24,279,118,161,655,198,52,5,47,128,44,233,654,110,544,32,7,17,8,396,271,52,73,"Jackson County, Kansas",247,175,148,118,119,38,66,42,25,52,57,12,13,51,5,37,15,40,89,7,52,33,37,49,34,40,71,48,61,177,44,115,155,122,112,86,66,155,161,101,97,56,41,35,18,18,99,48,22,92,20,86,44,77,124,67,39,8,38,53,25,79,121,39,123,23,7,19,11,169,161,37,63
"G2000870","2019-2023","KS",,,"Kansas","20","Jefferson County","087",,,,,,,,,,,,,,,".",".",,,,,,,,,,,,"0500000US20087",,,"20087","Jefferson County, Kansas",9349,5052,1375,661,547,114,290,177,70,43,357,92,5,248,12,67,64,3,425,40,109,14,95,49,177,50,503,330,173,1657,46,881,730,1092,555,307,230,4297,2085,676,434,242,114,90,15,9,747,88,18,588,53,548,318,230,786,317,0,0,0,196,74,199,1135,338,797,31,12,19,0,260,87,50,123,"Jefferson County, Kansas",305,188,206,149,134,58,90,72,43,33,103,63,7,92,13,50,50,7,108,29,51,17,50,28,85,41,123,116,62,223,45,186,201,173,131,84,100,216,204,154,120,85,48,44,16,8,139,33,21,127,33,163,121,98,153,104,18,18,18,77,37,85,195,104,171,34,15,30,18,114,59,55,77
"G2000890","2019-2023","KS",,,"Kansas","20","Jewell County","089",,,,,,,,,,,,,,,".",".",,,,,,,,,,,,"0500000US20089",,,"20089","Jewell County, Kansas",1378,793,277,174,169,5,15,15,0,0,63,14,0,34,15,25,5,20,88,7,34,3,31,0,47,0,95,63,32,164,8,50,106,169,95,57,17,585,272,85,63,22,15,1,11,3,113,10,8,94,1,59,34,25,94,42,0,0,0,30,11,11,195,63,132,3,0,3,0,21,5,13,3,"Jewell County, Kansas",73,47,54,50,49,8,16,16,11,11,24,11,11,15,14,19,8,18,38,8,34,5,34,11,26,11,35,33,19,58,8,23,57,44,41,25,17,51,48,33,24,25,13,2,12,5,32,10,9,31,2,27,22,14,30,22,11,11,11,16,8,11,45,34,41,5,11,5,11,14,5,13,5
"G2000910","2019-2023","KS",,,"Kansas","20","Johnson County","091",,,,,,,,,,,,,,,".",".",,,,,,,,,,,,"0500000US20091",,,"20091","Johnson County, Kansas",337557,178068,96379,47929,31344,16585,27675,16248,9102,2325,13068,1622,3229,4448,3769,7707,6035,1672,16578,1211,3464,1886,1578,6389,3997,1517,29617,20138,9479,13565,194,7775,5596,21929,7456,7557,6916,159489,92206,35997,19514,16483,8833,4700,2136,1997,26933,3619,2538,16650,4126,20443,16385,4058,22408,5117,1215,919,296,7695,2209,6172,37883,15897,21986,556,137,192,227,6436,3434,605,2397,"Johnson County, Kansas",2252,1642,1856,1534,1435,957,1287,1121,764,450,828,303,443,416,514,668,585,324,947,298,519,383,354,683,579,337,1103,1030,759,882,94,681,486,1113,695,753,688,1312,1745,1112,791,849,695,454,459,337,1144,410,387,920,499,1134,946,549,1160,534,248,233,103,753,421,621,1340,858,1093,169,90,93,126,692,554,156,419
"G2000930","2019-2023","KS",,,"Kansas","20","Kearny County","093",,,,,,,,,,,,,,,".",".",,,,,,,,,,,,"0500000US20093",,,"20093","Kearny County, Kansas",1757,1087,287,236,230,6,23,3,15,5,16,1,0,6,9,12,6,6,73,0,0,0,0,10,28,35,80,51,29,396,198,146,52,251,55,134,62,670,306,113,97,16,24,24,0,0,143,12,0,131,0,26,18,8,121,26,12,0,12,35,42,6,177,55,122,21,21,0,0,45,2,29,14,"Kearny County, Kansas",121,98,100,102,100,9,25,6,22,9,18,2,11,10,14,13,9,9,43,11,11,11,11,18,26,35,57,40,36,84,85,58,35,91,41,77,43,83,78,55,56,16,35,35,11,11,54,17,11,50,11,23,18,12,76,31,14,11,14,29,41,9,65,35,60,30,30,11,11,34,4,31,21
"G2000950","2019-2023","KS",,,"Kansas","20","Kingman County","095",,,,,,,,,,,,,,,".",".",,,,,,,,,,,,"0500000US20095",,,"20095","Kingman County, Kansas",3599,1867,643,423,408,15,107,55,28,24,78,3,0,52,23,35,33,2,124,2,13,0,13,26,78,5,236,192,44,411,50,189,172,453,226,119,108,1732,731,221,191,30,21,12,6,3,287,20,15,241,11,202,146,56,459,87,1,1,0,198,92,81,402,111,291,16,6,8,2,124,101,22,1,"Kingman County, Kansas",177,147,114,80,81,11,75,72,21,17,38,4,16,35,19,33,32,4,42,5,12,16,12,25,36,6,80,75,24,113,48,80,71,86,74,58,55,119,101,86,84,22,14,11,8,5,79,19,21,69,11,70,60,42,133,61,3,3,16,100,53,57,88,48,74,15,9,12,3,56,53,21,2
"G2000970","2019-2023","KS",,,"Kansas","20","Kiowa County","097",,,,,,,,,,,,,,,".",".",,,,,,,,,,,,"0500000US20097",,,"20097","Kiowa County, Kansas",1233,650,222,155,144,11,15,6,7,2,46,5,0,35,6,6,3,3,109,9,15,7,8,16,66,3,62,50,12,136,30,39,67,121,26,58,37,583,220,42,26,16,10,4,3,3,130,2,0,126,2,38,16,22,125,13,2,2,0,44,37,29,205,61,144,8,2,5,1,25,13,0,12,"Kiowa County, Kansas",70,54,39,38,37,9,9,7,6,3,19,5,11,19,5,7,4,5,49,11,13,7,11,23,39,5,23,22,11,35,15,17,36,31,11,23,18,56,37,15,13,9,7,5,4,4,34,3,11,34,3,15,10,12,52,15,3,3,11,38,25,17,48,34,39,7,4,5,3,17,14,11,11
"G2000990","2019-2023","KS",,,"Kansas","20","Labette County","099",,,,,,,,,,,,,,,".",".",,,,,,,,,,,,"0500000US20099",,,"20099","Labette County, Kansas",9055,4632,1249,663,505,158,157,79,54,24,166,95,0,70,1,263,108,155,591,51,124,25,99,128,275,13,433,297,136,944,89,396,459,1415,863,318,234,4423,2175,495,258,237,71,11,60,0,811,151,2,631,27,798,425,373,898,423,25,4,21,212,132,106,901,213,688,7,0,7,0,442,188,50,204,"Labette County, Kansas",481,358,257,177,141,108,68,44,28,39,90,75,18,48,3,101,59,88,146,27,68,19,66,71,113,11,122,109,61,201,55,140,128,281,207,113,117,254,251,136,95,105,61,19,57,18,172,72,4,160,25,214,144,161,161,139,29,6,29,86,80,44,177,80,158,8,18,8,18,128,78,40,103
"G2001010","2019-2023","KS",,,"Kansas","20","Lane County","101",,,,,,,,,,,,,,,".",".",,,,,,,,,,,,"0500000US20101",,,"20101","Lane County, Kansas",749,429,182,153,90,63,4,0,4,0,11,3,0,8,0,14,1,13,43,0,0,0,0,25,6,12,20,19,1,113,37,52,24,71,1,44,26,320,92,13,13,0,0,0,0,0,67,18,0,49,0,12,3,9,73,28,9,9,0,6,30,0,137,42,95,6,0,6,0,12,0,12,0,"Lane County, Kansas",103,84,59,59,42,43,5,11,5,11,9,5,11,7,11,11,3,11,36,11,11,11,11,33,8,11,18,17,3,50,29,38,15,32,2,29,16,50,37,9,9,11,11,11,11,11,38,25,11,31,11,15,4,15,35,25,11,11,11,6,26,11,42,32,27,7,11,7,11,15,11,15,11
"G2001030","2019-2023","KS",,,"Kansas","20","Leavenworth County","103",,,,,,,,,,,,,,,".",".",,,,,,,,,,,,"0500000US20103",,,"20103","Leavenworth County, Kansas",35029,18289,6832,3519,2389,1130,1463,895,414,154,1221,230,95,688,208,629,511,118,2397,102,1212,376,836,491,523,69,2579,1562,1017,2450,110,1206,1134,4031,1294,1493,1244,16740,8738,2931,1635,1296,501,295,78,128,2695,346,264,1926,159,2611,1752,859,3038,799,284,185,99,846,221,888,4213,1771,2442,152,30,39,83,599,176,66,357,"Leavenworth County, Kansas",907,663,636,469,406,259,229,201,171,80,255,110,76,207,107,179,174,64,394,75,358,149,315,155,184,44,465,363,280,382,73,285,258,453,298,297,289,648,600,401,318,251,173,126,62,83,387,115,110,374,81,435,336,265,465,214,143,120,83,289,98,264,432,333,359,128,31,52,112,184,101,49,132
"G2001050","2019-2023","KS",,,"Kansas","20","Lincoln County","105",,,,,,,,,,,,,,,".",".",,,,,,,,,,,,"0500000US20105",,,"20105","Lincoln County, Kansas",1474,732,303,241,220,21,10,4,3,3,30,10,0,20,0,22,17,5,46,2,17,0,17,11,15,1,54,40,14,180,20,138,22,149,78,30,41,742,209,73,56,17,0,0,0,0,112,12,0,97,3,24,15,9,193,21,13,0,13,88,21,50,248,55,193,20,18,2,0,72,32,0,40,"Lincoln County, Kansas",111,68,77,70,68,17,10,6,4,6,20,11,11,17,11,21,20,7,29,3,15,11,15,11,19,2,26,19,14,59,20,56,17,36,28,16,23,72,52,31,26,14,11,11,11,11,39,12,11,37,4,14,10,10,57,14,15,11,15,37,14,37,59,22,56,21,20,3,11,42,25,11,34
"G2001070","2019-2023","KS",,,"Kansas","20","Linn County","107",,,,,,,,,,,,,,,".",".",,,,,,,,,,,,"0500000US20107",,,"20107","Linn County, Kansas",4379,2439,565,362,315,47,85,23,37,25,84,0,0,48,36,34,22,12,416,16,163,28,135,70,164,3,274,147,127,686,27,501,158,498,185,195,118,1940,779,311,223,88,37,16,0,21,269,15,9,245,0,162,142,20,385,186,9,9,0,91,44,55,606,216,390,46,14,25,7,124,53,57,14,"Linn County, Kansas",226,167,135,114,115,31,55,28,36,25,52,16,16,38,43,35,34,13,111,19,91,19,89,51,69,5,108,77,80,141,25,123,65,112,72,64,51,136,135,88,75,57,36,22,16,29,77,15,11,74,16,60,57,14,110,78,14,14,16,45,37,46,148,101,134,34,20,25,9,48,28,39,15
"G2001090","2019-2023","KS",,,"Kansas","20","Logan County","109",,,,,,,,,,,,,,,".",".",,,,,,,,,,,,"0500000US20109",,,"20109","Logan County, Kansas",1435,873,304,223,171,52,6,6,0,0,46,27,0,13,6,29,15,14,77,0,13,13,0,25,31,8,87,73,14,220,108,75,37,185,35,139,11,562,224,56,25,31,2,0,0,2,117,15,14,71,17,49,28,21,161,14,0,0,0,110,23,14,150,48,102,13,13,0,0,14,4,2,8,"Logan County, Kansas",66,59,62,59,46,32,8,8,11,11,28,23,11,14,10,27,18,19,31,11,17,17,11,20,21,8,39,36,16,68,52,44,21,72,19,62,9,44,56,26,17,22,3,11,11,3,45,13,20,34,17,28,21,16,64,16,11,11,11,59,24,13,49,34,39,14,14,11,11,12,6,3,11
"G2001110","2019-2023","KS",,,"Kansas","20","Lyon County","111",,,,,,,,,,,,,,,".",".",,,,,,,,,,,,"0500000US20111",,,"20111","Lyon County, Kansas",17081,8754,2530,1279,935,344,492,95,186,211,642,94,25,456,67,117,88,29,1246,68,154,109,45,618,313,93,1005,586,419,1317,114,569,634,2656,1184,566,906,8327,3135,991,651,340,206,132,3,71,1363,333,21,910,99,575,454,121,2041,419,155,152,3,612,385,470,2019,738,1281,8,3,1,4,1124,637,40,447,"Lyon County, Kansas",521,319,356,227,185,131,182,50,93,134,159,52,25,129,59,73,63,34,277,49,83,77,28,228,140,64,260,206,157,208,96,146,196,329,271,192,246,385,336,167,121,107,81,80,5,57,255,139,20,194,48,145,131,68,319,123,109,108,5,149,110,192,291,211,248,9,4,3,6,262,189,32,172
"G2001130","2019-2023","KS",,,"Kansas","20","McPherson County","113",,,,,,,,,,,,,,,".",".",,,,,,,,,,,,"0500000US20113",,,"20113","McPherson County, Kansas",15964,8573,3002,1367,1236,131,762,211,407,144,673,106,20,313,234,200,152,48,1045,72,167,72,95,352,403,51,737,369,368,1396,118,690,588,2393,1369,545,479,7391,3408,1099,478,621,154,51,38,65,1202,146,34,939,83,953,598,355,1795,487,259,147,112,517,241,291,1730,550,1180,65,8,35,22,393,280,47,66,"McPherson County, Kansas",515,287,376,275,272,62,228,123,177,76,193,71,24,104,143,96,85,42,201,58,86,60,73,100,141,40,155,111,119,203,93,141,141,294,232,176,126,408,351,220,130,183,72,34,50,61,236,81,39,213,62,190,178,119,334,184,137,80,106,155,89,110,264,132,217,53,15,36,39,113,93,41,52
"G2001150","2019-2023","KS",,,"Kansas","20","Marion County","115",,,,,,,,,,,,,,,".",".",,,,,,,,,,,,"0500000US20115",,,"20115","Marion County, Kansas",5694,3133,1039,552,467,85,188,46,135,7,233,35,6,92,100,66,54,12,271,28,50,23,27,79,92,22,341,184,157,664,76,288,300,818,449,242,127,2561,1189,245,202,43,30,14,3,13,662,58,15,548,41,252,177,75,563,234,9,5,4,178,58,84,659,261,398,31,29,2,0,119,54,6,59,"Marion County, Kansas",221,167,117,102,97,36,60,28,53,7,70,27,9,34,50,27,25,10,65,24,28,15,24,33,36,18,71,57,51,107,35,62,89,114,96,66,44,150,159,68,56,26,24,17,4,15,118,31,12,107,24,70,61,31,86,48,10,7,7,60,23,30,117,96,78,24,23,3,18,39,23,8,33
"G2001170","2019-2023","KS",,,"Kansas","20","Marshall County","117",,,,,,,,,,,,,,,".",".",,,,,,,,,,,,"0500000US20117",,,"20117","Marshall County, Kansas",4994,2680,718,556,458,98,53,10,40,3,58,9,0,45,4,51,34,17,153,10,37,11,26,59,37,10,204,132,72,477,116,174,187,1128,509,360,259,2314,951,200,83,117,101,16,17,68,372,113,13,236,10,278,154,124,462,184,6,6,0,116,62,94,728,188,540,9,2,5,2,164,72,1,91,"Marshall County, Kansas",179,119,123,116,120,44,33,10,31,4,36,9,18,35,4,28,27,15,59,10,31,18,25,44,24,9,59,41,49,107,59,53,67,156,113,96,100,140,130,64,33,61,66,23,20,62,89,51,21,77,9,74,57,52,99,58,10,10,18,66,35,56,128,63,108,7,4,5,4,62,42,2,49
"G2001190","2019-2023","KS",,,"Kansas","20","Meade County","119",,,,,,,,,,,,,,,".",".",,,,,,,,,,,,"0500000US20119",,,"20119","Meade County, Kansas",1883,1105,435,265,253,12,68,3,63,2,82,0,0,51,31,20,18,2,69,0,5,0,5,23,41,0,86,34,52,298,98,61,139,217,58,125,34,778,316,91,71,20,5,5,0,0,155,4,0,143,8,65,57,8,261,55,0,0,0,64,86,56,181,37,144,1,1,0,0,19,2,11,6,"Meade County, Kansas",129,83,91,60,57,20,43,4,41,4,72,11,11,48,32,15,14,3,37,11,12,11,12,22,26,11,44,20,33,72,49,33,48,65,33,54,24,82,84,44,42,16,7,7,11,11,55,4,11,54,11,36,33,11,76,32,11,11,11,41,33,41,54,23,48,2,2,11,11,13,3,12,8
"G2001210","2019-2023","KS",,,"Kansas","20","Miami County","121",,,,,,,,,,,,,,,".",".",,,,,,,,,,,,"0500000US20121",,,"20121","Miami County, Kansas",17395,9248,2822,1485,1080,405,590,218,351,21,578,100,46,391,41,169,110,59,1147,64,394,170,224,188,437,64,1654,1331,323,2090,196,1055,839,1535,598,481,456,8147,4022,1582,899,683,336,298,8,30,1083,129,0,759,195,1021,637,384,1662,459,53,22,31,493,107,550,2011,754,1257,50,17,11,22,402,94,60,248,"Miami County, Kansas",610,339,312,248,240,111,131,70,111,22,180,52,41,151,34,86,66,61,269,66,159,83,121,84,185,66,324,317,105,347,136,251,233,269,239,163,164,476,377,288,206,180,146,143,13,28,238,64,24,223,91,211,166,129,269,170,41,21,34,153,90,159,338,236,249,35,28,15,26,141,68,61,121
"G2001230","2019-2023","KS",,,"Kansas","20","Mitchell County","123",,,,,,,,,,,,,,,".",".",,,,,,,,,,,,"0500000US20123",,,"20123","Mitchell County, Kansas",2712,1436,426,268,217,51,42,3,28,11,83,52,10,18,3,33,8,25,151,0,39,5,34,32,48,32,227,171,56,337,39,203,95,295,154,81,60,1276,583,115,62,53,0,0,0,0,216,35,6,158,17,252,178,74,306,123,8,0,8,69,79,27,352,94,258,0,0,0,0,35,29,5,1,"Mitchell County, Kansas",198,168,94,66,71,37,29,7,27,11,69,60,12,19,4,28,13,26,81,16,34,7,33,35,38,42,98,91,44,108,35,88,52,80,66,46,40,134,114,43,33,33,16,16,16,16,69,36,13,63,16,94,66,56,110,70,14,16,14,51,58,17,83,52,101,16,16,16,16,28,26,8,3
"G2001250","2019-2023","KS",,,"Kansas","20","Montgomery County","125",,,,,,,,,,,,,,,".",".",,,,,,,,,,,,"0500000US20125",,,"20125","Montgomery County, Kansas",13484,7109,2006,1022,791,231,375,37,262,76,420,149,18,165,88,189,114,75,900,39,220,136,84,298,323,20,785,578,207,1543,178,701,664,1875,1139,498,238,6375,2083,601,453,148,51,22,14,15,962,223,4,636,99,469,368,101,1384,493,70,61,9,422,167,232,1971,544,1427,109,64,37,8,828,552,51,225,"Montgomery County, Kansas",420,338,322,220,215,103,131,33,104,71,125,80,25,71,49,114,88,63,181,32,99,66,78,115,115,18,131,125,71,213,121,162,151,255,201,143,93,309,251,156,149,55,40,21,21,21,159,82,7,140,58,125,115,60,224,154,38,34,16,138,82,99,275,150,244,68,53,36,12,202,183,35,84
"G2001270","2019-2023","KS",,,"Kansas","20","Morris County","127",,,,,,,,,,,,,,,".",".",,,,,,,,,,,,"0500000US20127",,,"20127","Morris County, Kansas",2760,1467,481,255,228,27,31,6,18,7,131,3,0,41,87,64,11,53,149,4,44,22,22,12,75,14,148,118,30,367,94,192,81,322,106,158,58,1293,581,126,74,52,27,3,0,24,218,26,11,144,37,210,123,87,184,57,3,3,0,55,34,35,394,127,267,10,10,0,0,124,78,0,46,"Morris County, Kansas",175,107,101,87,83,22,21,8,18,10,60,7,16,29,57,57,16,60,62,6,29,23,20,16,38,20,50,50,17,77,58,65,34,82,47,69,38,115,90,44,34,31,27,4,16,26,64,21,15,47,27,69,55,48,69,39,7,7,16,35,26,38,79,52,72,12,12,16,16,56,49,16,32
"G2001290","2019-2023","KS",,,"Kansas","20","Morton County","129",,,,,,,,,,,,,,,".",".",,,,,,,,,,,,"0500000US20129",,,"20129","Morton County, Kansas",1130,657,180,152,143,9,20,4,0,16,4,0,0,4,0,4,1,3,27,0,14,14,0,0,11,2,79,61,18,218,28,77,113,153,35,71,47,473,122,46,46,0,7,4,0,3,55,3,3,49,0,14,14,0,163,48,0,0,0,100,3,12,141,18,123,8,8,0,0,39,0,5,34,"Morton County, Kansas",120,75,57,54,55,14,22,5,11,21,5,11,11,5,11,5,2,5,18,11,16,16,11,11,10,3,53,47,23,84,30,44,55,69,36,61,50,83,54,35,35,11,10,7,11,6,29,5,4,29,11,15,15,11,74,38,11,11,11,74,5,16,64,20,62,8,8,11,11,47,11,6,47
"G2001310","2019-2023","KS",,,"Kansas","20","Nemaha County","131",,,,,,,,,,,,,,,".",".",,,,,,,,,,,,"0500000US20131",,,"20131","Nemaha County, Kansas",5045,2763,1000,664,605,59,188,44,120,24,97,14,12,54,17,51,29,22,186,5,44,15,29,38,99,0,296,157,139,407,33,156,218,874,359,284,231,2282,1113,342,293,49,39,0,13,26,393,67,5,300,21,339,204,135,447,232,1,1,0,92,21,101,518,180,338,79,67,0,12,125,93,15,17,"Nemaha County, Kansas",202,146,127,106,102,30,52,25,47,18,41,16,18,28,19,35,22,24,61,7,23,15,17,31,45,18,76,51,56,94,25,48,83,150,83,102,102,114,142,87,80,27,29,18,20,21,88,30,10,76,14,97,66,75,110,74,2,2,18,49,17,56,80,53,72,47,46,18,13,59,56,17,13
"G2001330","2019-2023","KS",,,"Kansas","20","Neosho County","133",,,,,,,,,,,,,,,".",".",,,,,,,,,,,,"0500000US20133",,,"20133","Neosho County, Kansas",7201,3739,1030,591,412,179,208,131,77,0,146,36,8,95,7,85,51,34,450,10,83,34,49,151,144,62,549,323,226,841,81,433,327,869,525,136,208,3462,1463,424,162,262,7,2,2,3,553,70,4,377,102,479,251,228,621,270,0,0,0,167,127,57,1105,456,649,35,12,23,0,238,216,12,10,"Neosho County, Kansas",330,253,163,139,117,85,77,70,44,18,77,31,7,63,9,54,48,30,150,15,50,31,32,112,85,61,142,124,99,206,57,178,111,183,133,56,100,260,213,171,83,160,7,3,3,6,149,46,9,127,72,130,98,96,191,111,18,18,18,93,88,45,184,118,156,35,13,33,18,85,84,16,10
"G2001350","2019-2023","KS",,,"Kansas","20","Ness County","135",,,,,,,,,,,,,,,".",".",,,,,,,,,,,,"0500000US20135",,,"20135","Ness County, Kansas",1450,836,352,267,245,22,31,5,8,18,49,4,3,42,0,5,1,4,27,0,0,0,0,3,18,6,55,37,18,221,87,93,41,181,48,94,39,614,186,57,44,13,9,0,2,7,80,13,0,63,4,40,14,26,183,41,7,0,7,10,73,52,185,46,139,14,5,9,0,46,20,17,9,"Ness County, Kansas",91,66,73,60,60,18,25,5,8,24,31,5,4,29,11,7,2,7,12,11,11,11,11,4,12,6,27,24,16,52,36,36,19,43,22,35,19,57,44,23,21,9,8,11,3,7,29,14,11,24,5,23,10,20,56,26,11,11,11,7,49,26,43,23,44,14,6,12,11,27,18,19,10
"G2001370","2019-2023","KS",,,"Kansas","20","Norton County","137",,,,,,,,,,,,,,,".",".",,,,,,,,,,,,"0500000US20137",,,"20137","Norton County, Kansas",2028,989,361,173,145,28,48,48,0,0,66,48,0,18,0,74,5,69,172,0,48,1,47,26,98,0,88,46,42,265,33,89,143,103,65,21,17,1039,306,119,99,20,10,0,0,10,93,6,0,61,26,84,82,2,325,97,2,0,2,125,3,98,339,120,219,61,61,0,0,8,4,0,4,"Norton County, Kansas",168,112,124,111,88,50,59,59,16,16,59,50,16,22,16,69,9,68,113,16,66,2,66,40,103,16,57,37,46,105,38,71,76,59,53,23,15,115,108,70,67,34,12,16,16,12,57,10,16,43,32,87,87,4,114,62,7,16,7,75,5,80,120,71,108,53,53,16,16,15,6,16,13
"G2001390","2019-2023","KS",,,"Kansas","20","Osage County","139",,,,,,,,,,,,,,,".",".",,,,,,,,,,,,"0500000US20139",,,"20139","Osage County, Kansas",7548,4147,915,533,394,139,200,83,74,43,146,69,0,64,13,36,4,32,539,24,116,30,86,125,240,34,389,281,108,1070,32,515,523,1234,391,391,452,3401,1493,486,294,192,70,19,12,39,544,86,3,389,66,393,171,222,704,224,32,17,15,231,90,127,880,223,657,16,3,13,0,308,212,54,42,"Osage County, Kansas",287,197,141,104,99,51,65,45,39,27,52,31,18,34,20,41,6,41,100,21,40,20,38,51,78,28,95,84,60,137,24,98,111,177,101,112,137,176,143,108,88,59,38,15,11,35,96,37,4,82,44,92,53,76,126,64,23,16,18,76,38,52,153,81,126,23,5,22,18,92,80,34,25
"G2001410","2019-2023","KS",,,"Kansas","20","Osborne County","141",,,,,,,,,,,,,,,".",".",,,,,,,,,,,,"0500000US20141",,,"20141","Osborne County, Kansas",1781,938,339,243,231,12,39,14,12,13,43,11,3,26,3,14,8,6,82,12,9,0,9,22,39,0,110,68,42,211,55,82,74,196,104,39,53,843,361,90,73,17,11,0,0,11,124,17,4,98,5,136,80,56,187,71,1,1,0,37,6,72,258,127,131,10,3,0,7,27,16,2,9,"Osborne County, Kansas",94,59,63,63,62,13,18,14,10,10,22,11,4,20,5,13,10,9,38,17,11,11,11,19,20,11,39,28,31,51,31,34,33,55,37,19,32,57,56,31,28,12,9,11,11,9,35,13,5,30,5,39,34,24,49,34,2,2,11,20,11,51,60,57,40,11,4,11,10,14,11,5,9
"G2001430","2019-2023","KS",,,"Kansas","20","Ottawa County","143",,,,,,,,,,,,,,,".",".",,,,,,,,,,,,"0500000US20143",,,"20143","Ottawa County, Kansas",2841,1538,548,372,307,65,77,16,57,4,57,16,0,41,0,42,23,19,150,0,69,19,50,30,43,8,148,95,53,302,40,97,165,390,141,184,65,1303,618,154,82,72,32,25,0,7,206,52,12,134,8,226,192,34,185,86,2,0,2,24,6,67,427,180,247,21,12,0,9,52,16,12,24,"Ottawa County, Kansas",128,100,89,80,71,35,31,17,28,6,37,13,16,34,16,28,24,14,56,16,45,18,41,18,27,11,55,44,37,88,37,45,55,89,55,67,26,75,80,46,38,32,26,24,16,10,58,33,12,42,9,63,62,20,46,41,3,16,3,17,8,29,68,51,65,19,13,16,14,28,13,12,18
"G2001450","2019-2023","KS",,,"Kansas","20","Pawnee County","145",,,,,,,,,,,,,,,".",".",,,,,,,,,,,,"0500000US20145",,,"20145","Pawnee County, Kansas",2835,1588,444,309,268,41,51,18,24,9,54,36,0,13,5,30,20,10,257,32,53,25,28,60,77,35,200,150,50,261,80,101,80,426,73,265,88,1247,492,228,108,120,20,0,0,20,137,10,10,92,25,107,71,36,336,170,84,9,75,54,13,15,317,104,213,11,11,0,0,91,28,3,60,"Pawnee County, Kansas",212,111,113,109,100,53,34,23,24,11,44,41,16,21,10,26,21,20,76,39,45,34,27,50,50,43,82,82,43,93,55,68,47,119,40,104,63,191,143,81,49,79,23,16,16,23,68,9,16,63,26,79,77,28,112,93,42,15,41,44,13,22,97,60,95,18,18,16,16,80,29,5,87
"G2001470","2019-2023","KS",,,"Kansas","20","Phillips County","147",,,,,,,,,,,,,,,".",".",,,,,,,,,,,,"0500000US20147",,,"20147","Phillips County, Kansas",2257,1195,333,213,185,28,58,33,25,0,51,7,2,36,6,11,9,2,150,13,13,4,9,52,65,7,77,59,18,309,103,117,89,326,202,72,52,1062,539,154,117,37,1,0,1,0,145,5,7,106,27,239,129,110,257,114,1,0,1,40,20,82,233,53,180,10,8,2,0,23,15,7,1,"Phillips County, Kansas",121,94,77,59,58,20,31,25,21,11,27,9,3,23,7,11,10,3,48,18,13,6,11,30,36,10,38,31,15,85,53,43,35,64,62,39,25,118,95,50,44,23,3,11,3,11,41,5,10,38,25,82,50,70,75,54,2,11,2,26,11,49,50,26,47,8,7,3,11,14,12,7,2
"G2001490","2019-2023","KS",,,"Kansas","20","Pottawatomie County","149",,,,,,,,,,,,,,,".",".",,,,,,,,,,,,"0500000US20149",,,"20149","Pottawatomie County, Kansas",12456,6795,2826,1428,1015,413,537,230,203,104,612,162,9,337,104,249,138,111,708,56,204,145,59,181,236,31,656,347,309,1301,71,645,585,1304,771,280,253,5661,2969,1091,782,309,160,48,19,93,1107,160,135,781,31,611,370,241,930,210,14,0,14,269,204,233,1437,434,1003,13,5,0,8,312,215,19,78,"Pottawatomie County, Kansas",431,233,297,277,257,158,165,110,148,55,148,82,16,125,117,117,75,94,211,59,98,75,48,118,102,32,136,112,134,252,49,155,192,232,197,109,107,360,294,220,182,102,76,39,33,60,210,102,90,185,30,176,167,89,172,88,16,21,16,117,86,104,248,169,210,15,9,21,12,121,102,17,49
"G2001510","2019-2023","KS",,,"Kansas","20","Pratt County","151",,,,,,,,,,,,,,,".",".",,,,,,,,,,,,"0500000US20151",,,"20151","Pratt County, Kansas",4250,2295,757,430,404,26,81,0,46,35,77,1,13,41,22,169,164,5,412,48,18,18,0,193,91,62,216,126,90,363,73,199,91,547,146,224,177,1955,807,159,87,72,32,0,29,3,318,3,10,265,40,298,252,46,401,200,0,0,0,118,11,72,551,202,349,42,32,10,0,154,70,0,84,"Pratt County, Kansas",203,145,157,135,130,20,51,16,37,32,46,2,20,32,24,76,76,6,154,45,17,17,16,93,48,75,73,60,42,103,38,85,43,150,77,117,78,133,143,83,50,73,26,16,25,8,105,4,17,92,42,97,92,22,115,75,16,16,16,75,14,53,147,79,119,40,36,16,16,76,63,16,55
"G2001530","2019-2023","KS",,,"Kansas","20","Rawlins County","153",,,,,,,,,,,,,,,".",".",,,,,,,,,,,,"0500000US20153",,,"20153","Rawlins County, Kansas",1356,759,240,151,144,7,43,29,12,2,27,4,8,11,4,19,19,0,71,10,8,0,8,10,43,0,39,24,15,214,49,119,46,195,60,85,50,597,243,73,61,12,7,6,0,1,77,11,4,45,17,86,35,51,127,14,13,13,0,51,6,43,201,103,98,1,0,1,0,25,10,5,10,"Rawlins County, Kansas",107,62,66,44,44,7,36,35,12,4,18,8,8,12,6,16,16,11,31,13,9,11,9,11,26,11,22,14,14,65,27,57,26,63,27,56,31,73,48,30,29,14,10,10,11,3,34,13,8,24,13,42,27,31,44,11,15,15,11,29,7,27,67,51,38,2,11,2,11,19,8,8,14
"G2001550","2019-2023","KS",,,"Kansas","20","Reno County","155",,,,,,,,,,,,,,,".",".",,,,,,,,,,,,"0500000US20155",,,"20155","Reno County, Kansas",29154,14934,4288,2232,1734,498,843,335,465,43,897,271,97,462,67,316,180,136,2184,124,439,91,348,412,1040,169,1806,1098,708,2532,173,1440,919,4124,2012,1007,1105,14220,5223,1440,1150,290,120,18,24,78,2369,362,73,1828,106,1294,776,518,3217,1038,148,54,94,1001,531,499,4444,1537,2907,79,25,37,17,1257,752,134,371,"Reno County, Kansas",690,536,403,286,280,132,222,108,176,28,193,141,73,127,48,121,84,86,365,85,129,53,127,139,351,107,291,225,217,337,77,283,200,436,318,237,280,536,515,246,238,119,66,24,26,56,378,124,58,341,53,210,179,141,375,255,98,35,91,233,181,128,439,339,363,44,21,35,20,259,215,59,150
"G2001570","2019-2023","KS",,,"Kansas","20","Republic County","157",,,,,,,,,,,,,,,".",".",,,,,,,,,,,,"0500000US20157",,,"20157","Republic County, Kansas",2172,1173,405,282,260,22,76,7,14,55,29,9,5,15,0,18,18,0,77,2,15,3,12,38,16,6,232,150,82,220,73,73,74,239,121,68,50,999,383,69,48,21,35,17,0,18,168,3,1,156,8,111,75,36,176,43,7,0,7,53,20,53,343,125,218,1,1,0,0,96,44,17,35,"Republic County, Kansas",110,82,72,59,58,21,44,9,14,40,21,10,9,15,11,22,22,11,40,3,15,5,13,31,15,10,76,59,40,61,45,30,29,60,46,29,30,91,72,24,20,14,26,18,11,17,45,3,2,44,8,51,47,22,54,25,11,11,11,31,16,31,79,46,58,2,2,11,11,37,22,18,28
"G2001590","2019-2023","KS",,,"Kansas","20","Rice County","159",,,,,,,,,,,,,,,".",".",,,,,,,,,,,,"0500000US20159",,,"20159","Rice County, Kansas",4444,2468,789,349,319,30,153,28,56,69,232,59,0,144,29,55,47,8,190,5,11,6,5,59,95,20,231,112,119,388,60,187,141,870,364,267,239,1976,834,215,169,46,36,24,12,0,364,78,4,236,46,219,196,23,472,182,36,2,34,133,13,108,564,128,436,15,15,0,0,91,40,20,31,"Rice County, Kansas",220,145,143,78,77,23,91,21,44,60,92,45,16,66,40,48,47,9,71,9,10,8,6,29,52,22,79,47,65,85,27,60,55,159,129,117,94,167,145,74,72,29,31,24,16,16,97,47,4,82,38,76,76,15,114,83,40,4,40,58,12,44,117,64,104,20,20,16,16,40,20,17,32
"G2001610","2019-2023","KS",,,"Kansas","20","Riley County","161",,,,,,,,,,,,,,,".",".",,,,,,,,,,,,"0500000US20161",,,"20161","Riley County, Kansas",34998,17796,7445,2698,1660,1038,1922,584,649,689,2424,195,72,1763,394,401,269,132,3197,311,539,415,124,1225,867,255,2770,1614,1156,2495,182,1514,799,1889,748,387,754,17202,8197,2311,1293,1018,625,264,103,258,4100,503,86,2892,619,1161,744,417,3805,756,132,92,40,1745,549,623,4275,1132,3143,123,53,67,3,802,361,185,256,"Riley County, Kansas",949,719,566,456,315,313,355,227,208,229,320,108,60,328,141,118,73,79,513,195,214,208,70,356,241,119,388,296,302,476,113,396,245,370,224,189,282,673,609,337,269,210,183,136,65,118,495,195,73,420,260,269,204,173,478,224,81,72,39,449,227,183,615,286,501,82,61,57,4,217,145,139,140
"G2001630","2019-2023","KS",,,"Kansas","20","Rooks County","163",,,,,,,,,,,,,,,".",".",,,,,,,,,,,,"0500000US20163",,,"20163","Rooks County, Kansas",2419,1240,415,239,213,26,78,0,58,20,82,19,7,44,12,16,3,13,138,8,57,0,57,29,44,0,91,66,25,398,70,176,152,198,88,69,41,1179,492,72,43,29,16,4,4,8,204,0,6,195,3,200,122,78,350,114,23,21,2,46,92,75,274,70,204,38,36,0,2,25,10,7,8,"Rooks County, Kansas",112,87,79,61,62,18,39,11,34,19,37,18,9,29,11,20,6,20,56,7,32,11,32,22,33,11,36,33,17,76,49,55,59,56,40,32,22,96,76,26,18,17,10,6,5,7,58,11,7,56,5,65,44,45,65,42,24,24,3,29,38,44,58,35,51,50,50,11,3,19,12,9,12
"G2001650","2019-2023","KS",,,"Kansas","20","Rush County","165",,,,,,,,,,,,,,,".",".",,,,,,,,,,,,"0500000US20165",,,"20165","Rush County, Kansas",1449,830,286,221,176,45,32,8,12,12,20,5,3,10,2,13,8,5,55,12,13,0,13,3,27,0,87,51,36,195,19,63,113,207,67,85,55,619,208,63,38,25,20,16,0,4,75,24,0,50,1,50,38,12,153,43,0,0,0,39,45,26,181,41,140,11,5,0,6,66,52,0,14,"Rush County, Kansas",121,85,63,62,58,30,15,7,11,11,12,8,4,9,3,11,9,7,27,11,15,11,15,6,18,11,35,24,29,58,14,28,54,65,32,48,31,80,43,23,21,12,20,19,11,5,31,18,11,23,2,28,26,12,53,22,11,11,11,27,28,23,40,22,34,10,6,11,9,49,48,11,12
"G2001670","2019-2023","KS",,,"Kansas","20","Russell County","167",,,,,,,,,,,,,,,".",".",,,,,,,,,,,,"0500000US20167",,,"20167","Russell County, Kansas",3435,1818,520,317,249,68,109,70,21,18,93,30,15,25,23,1,1,0,242,6,45,1,44,70,114,7,171,109,62,304,31,198,75,581,262,193,126,1617,570,163,50,113,28,26,0,2,181,8,1,167,5,198,74,124,439,160,0,0,0,138,30,111,565,302,263,0,0,0,0,43,34,8,1,"Russell County, Kansas",198,134,130,99,89,58,55,47,31,22,62,37,22,29,30,2,2,16,98,11,56,2,57,28,71,10,77,63,51,102,28,91,57,142,113,83,80,148,107,79,35,71,27,27,16,4,66,11,3,65,7,87,48,78,135,100,16,16,16,74,41,88,161,144,91,16,16,16,16,39,37,13,3
"G2001690","2019-2023","KS",,,"Kansas","20","Saline County","169",,,,,,,,,,,,,,,".",".",,,,,,,,,,,,"0500000US20169",,,"20169","Saline County, Kansas",27605,14161,3963,1474,1114,360,782,146,438,198,1284,192,61,723,308,423,321,102,2239,83,407,290,117,984,698,67,2071,1534,537,2023,132,876,1015,3865,1783,819,1263,13444,5514,1405,775,630,294,63,24,207,2112,291,77,1638,106,1703,1245,458,3491,1111,72,64,8,1116,389,803,3494,1241,2253,127,19,22,86,818,441,86,291,"Saline County, Kansas",800,644,453,274,229,140,218,85,133,135,322,123,51,242,153,205,195,59,419,67,143,118,84,360,218,47,405,394,167,316,95,214,291,515,338,250,346,478,502,303,204,210,133,53,25,126,335,118,57,294,74,379,321,155,489,262,68,67,14,285,130,330,482,265,379,90,30,31,81,234,187,55,141
"G2001710","2019-2023","KS",,,"Kansas","20","Scott County","171",,,,,,,,,,,,,,,".",".",,,,,,,,,,,,"0500000US20171",,,"20171","Scott County, Kansas",2663,1508,546,448,291,157,67,0,0,67,16,6,0,10,0,15,15,0,133,7,6,0,6,52,68,0,242,242,0,368,206,80,82,219,134,25,60,1155,695,152,70,82,21,0,21,0,358,144,0,201,13,164,143,21,234,72,0,0,0,56,43,63,226,47,179,0,0,0,0,0,0,0,0,"Scott County, Kansas",198,149,123,110,144,94,80,16,16,80,24,12,16,20,16,25,25,16,81,15,12,16,12,63,68,16,138,138,16,133,93,74,87,110,102,39,48,158,148,95,65,81,32,16,32,16,150,68,16,139,29,132,125,36,128,68,16,16,16,64,64,56,136,70,105,16,16,16,16,16,16,16,16
"G2001730","2019-2023","KS",,,"Kansas","20","Sedgwick County","173",,,,,,,,,,,,,,,".",".",,,,,,,,,,,,"0500000US20173",,,"20173","Sedgwick County, Kansas",251840,132199,42782,19262,14209,5053,11596,4046,6236,1314,8233,1656,869,3795,1913,3691,2410,1281,16823,1135,3299,2041,1258,6533,4527,1329,20062,12701,7361,24005,739,13355,9911,28527,14783,6723,7021,119641,53375,18200,11181,7019,3673,1789,1062,822,18677,2989,1301,12237,2150,12825,8027,4798,23707,7030,1013,637,376,7423,3265,4976,31138,11802,19336,1838,148,957,733,9583,5652,1425,2506,"Sedgwick County, Kansas",2618,1529,1421,896,742,487,834,426,668,270,641,330,198,427,347,457,375,374,1073,316,515,390,332,623,522,310,963,896,628,1103,245,859,722,1214,978,643,680,1874,1539,1210,958,701,429,308,240,293,1009,436,274,814,420,971,676,644,1061,649,224,199,182,715,440,476,1237,831,934,380,95,312,203,756,686,328,392
"G2001750","2019-2023","KS",,,"Kansas","20","Seward County","175",,,,,,,,,,,,,,,".",".",,,,,,,,,,,,"0500000US20175",,,"20175","Seward County, Kansas",10442,5721,1100,484,337,147,185,152,33,0,378,100,12,146,120,53,29,24,441,95,13,13,0,125,163,45,717,530,187,1294,184,523,587,2169,1380,510,279,4721,1611,550,305,245,54,22,32,0,708,281,0,411,16,299,162,137,955,342,0,0,0,264,216,133,1221,460,761,178,107,71,0,756,547,19,190,"Seward County, Kansas",448,363,284,155,112,99,183,182,44,21,141,120,18,94,71,47,29,38,185,117,22,22,21,90,109,39,261,185,176,285,125,167,219,359,333,220,136,306,281,191,154,134,57,25,54,21,227,126,21,189,24,137,101,93,216,147,21,21,21,122,107,83,211,188,225,119,109,77,21,243,215,24,91
"G2001770","2019-2023","KS",,,"Kansas","20","Shawnee County","177",,,,,,,,,,,,,,,".",".",,,,,,,,,,,,"0500000US20177",,,"20177","Shawnee County, Kansas",84663,43157,14135,6459,4461,1998,3262,1892,1016,354,3192,967,749,1031,445,1222,722,500,6455,533,1774,741,1033,1939,1945,264,6539,3944,2595,6962,335,3807,2820,9066,3759,2313,2994,41506,19544,6346,3345,3001,1368,852,282,234,6569,1156,413,4412,588,5261,3749,1512,8004,2676,370,224,146,2104,922,1932,10712,3110,7602,247,39,125,83,2999,1263,470,1266,"Shawnee County, Kansas",1373,807,895,524,444,349,420,335,248,144,576,362,240,250,144,259,183,171,638,204,371,210,301,385,310,111,653,514,353,587,170,473,435,738,427,333,479,1011,966,613,471,400,255,223,127,104,623,211,126,464,148,538,520,274,728,493,142,105,98,380,263,359,756,369,582,101,38,68,64,453,300,189,364
"G2001790","2019-2023","KS",,,"Kansas","20","Sheridan County","179",,,,,,,,,,,,,,,".",".",,,,,,,,,,,,"0500000US20179",,,"20179","Sheridan County, Kansas",1294,703,310,265,259,6,10,0,8,2,25,1,0,24,0,10,10,0,31,2,0,0,0,16,13,0,72,55,17,193,92,43,58,97,19,78,0,591,255,72,54,18,0,0,0,0,118,7,0,100,11,65,57,8,92,12,0,0,0,28,31,21,189,43,146,19,19,0,0,36,19,0,17,"Sheridan County, Kansas",70,57,54,58,58,9,9,11,8,4,21,3,11,21,11,9,9,11,25,3,11,11,11,19,15,11,28,26,13,37,30,27,25,45,14,44,11,48,56,40,42,13,11,11,11,11,43,7,11,46,15,25,24,10,37,13,11,11,11,24,23,15,43,22,38,19,19,11,11,22,20,11,15
"G2001810","2019-2023","KS",,,"Kansas","20","Sherman County","181",,,,,,,,,,,,,,,".",".",,,,,,,,,,,,"0500000US20181",,,"20181","Sherman County, Kansas",3165,1730,511,300,300,0,55,34,3,18,25,0,0,16,9,131,101,30,134,1,0,0,0,33,94,6,337,249,88,356,144,91,121,392,50,188,154,1435,667,241,211,30,16,11,0,5,273,19,0,225,29,137,57,80,211,36,11,0,11,81,40,43,405,140,265,3,0,3,0,149,109,0,40,"Sherman County, Kansas",204,175,167,128,128,16,41,37,7,26,30,16,16,23,18,92,92,29,68,3,16,16,16,33,72,6,134,116,93,110,76,62,82,122,53,100,84,129,126,104,99,27,21,17,16,10,108,21,16,107,43,72,51,64,104,35,18,16,18,75,47,33,125,73,102,7,16,7,16,92,86,16,41
"G2001830","2019-2023","KS",,,"Kansas","20","Smith County","183",,,,,,,,,,,,,,,".",".",,,,,,,,,,,,"0500000US20183",,,"20183","Smith County, Kansas",1755,972,329,224,208,16,29,19,4,6,50,19,0,23,8,26,21,5,80,6,29,14,15,18,27,0,155,131,24,217,89,100,28,191,90,59,42,783,379,157,115,42,2,1,0,1,134,18,4,104,8,86,58,28,160,40,0,0,0,53,43,24,187,30,157,14,8,6,0,43,41,1,1,"Smith County, Kansas",97,64,61,53,52,17,17,14,6,7,23,18,11,13,8,14,13,7,25,5,16,13,13,11,16,11,48,47,15,58,41,33,13,50,42,27,25,59,54,42,38,23,3,2,11,3,37,12,7,28,10,36,27,18,46,17,11,11,11,34,27,13,42,21,44,15,12,8,11,29,29,3,3
"G2001850","2019-2023","KS",,,"Kansas","20","Stafford County","185",,,,,,,,,,,,,,,".",".",,,,,,,,,,,,"0500000US20185",,,"20185","Stafford County, Kansas",1964,1104,306,249,241,8,5,5,0,0,48,20,0,15,13,4,0,4,169,59,36,13,23,39,35,0,159,148,11,256,71,89,96,214,57,99,58,860,392,116,87,29,15,3,0,12,151,26,0,112,13,110,72,38,190,99,2,2,0,67,6,16,238,73,165,7,5,0,2,33,23,8,2,"Stafford County, Kansas",92,52,54,54,53,9,6,6,11,11,19,14,11,11,11,6,11,6,46,44,22,16,18,23,14,11,50,49,10,55,31,28,33,42,25,37,29,70,64,40,32,21,12,5,11,11,48,27,11,35,10,36,27,20,69,37,3,3,11,41,7,17,50,28,40,7,7,11,3,20,16,9,4
"G2001870","2019-2023","KS",,,"Kansas","20","Stanton County","187",,,,,,,,,,,,,,,".",".",,,,,,,,,,,,"0500000US20187",,,"20187","Stanton County, Kansas",931,509,155,82,68,14,39,0,0,39,34,0,34,0,0,0,0,0,14,0,1,0,1,0,3,10,47,16,31,129,74,31,24,164,0,53,111,422,126,42,36,6,33,0,0,33,50,4,0,46,0,1,1,0,72,0,0,0,0,17,49,6,126,44,82,96,92,4,0,2,2,0,0,"Stanton County, Kansas",180,120,64,46,43,21,44,11,11,44,43,11,43,11,11,11,11,11,19,11,2,11,2,11,5,17,47,19,44,68,47,29,33,96,11,61,80,115,70,25,23,9,42,11,11,42,38,8,11,38,11,5,5,11,61,11,11,11,11,21,61,8,67,41,56,61,62,8,11,12,12,11,11
"G2001890","2019-2023","KS",,,"Kansas","20","Stevens County","189",,,,,,,,,,,,,,,".",".",,,,,,,,,,,,"0500000US20189",,,"20189","Stevens County, Kansas",2303,1327,286,236,185,51,2,1,1,0,48,11,36,1,0,0,0,0,37,0,10,10,0,8,0,19,90,75,15,517,191,221,105,397,169,172,56,976,266,78,68,10,14,9,0,5,106,1,0,105,0,68,60,8,187,31,0,0,0,28,69,59,391,69,322,66,66,0,0,66,0,2,64,"Stevens County, Kansas",239,147,91,89,80,49,4,3,2,16,46,18,42,2,16,16,16,16,28,16,16,16,16,13,16,21,62,57,18,149,80,94,94,132,86,104,62,165,99,51,51,18,16,15,16,6,55,2,16,56,16,56,53,13,84,31,16,16,16,25,63,46,108,47,114,59,59,16,16,71,16,3,71
"G2001910","2019-2023","KS",,,"Kansas","20","Sumner County","191",,,,,,,,,,,,,,,".",".",,,,,,,,,,,,"0500000US20191",,,"20191","Sumner County, Kansas",10000,5365,1332,612,505,107,334,96,199,39,332,77,50,173,32,54,47,7,724,29,220,122,98,160,294,21,633,424,209,1117,90,450,577,1559,861,472,226,4635,1842,520,240,280,37,8,13,16,941,104,60,702,75,344,256,88,930,381,32,19,13,194,51,272,1599,541,1058,44,6,7,31,220,144,36,40,"Sumner County, Kansas",400,287,180,101,98,44,91,52,88,24,109,52,51,89,28,34,31,12,152,27,88,66,66,86,116,18,190,151,105,228,53,114,158,244,186,129,84,228,228,139,70,118,29,12,15,20,162,47,66,148,37,88,84,30,168,120,28,22,18,71,39,71,244,157,181,28,7,6,27,65,46,29,31
"G2001930","2019-2023","KS",,,"Kansas","20","Thomas County","193",,,,,,,,,,,,,,,".",".",,,,,,,,,,,,"0500000US20193",,,"20193","Thomas County, Kansas",4236,2348,883,372,334,38,157,25,30,102,234,85,0,43,106,120,81,39,171,19,17,8,9,31,85,19,523,456,67,363,109,101,153,408,264,39,105,1888,714,153,113,40,72,72,0,0,248,0,0,216,32,241,141,100,371,91,2,0,2,150,26,102,720,194,526,8,0,8,0,75,19,1,55,"Thomas County, Kansas",199,149,209,124,120,35,109,32,47,93,136,77,16,39,104,91,84,52,86,25,15,9,11,30,70,16,172,166,64,106,43,59,79,149,132,37,70,138,180,76,66,34,71,71,16,16,114,16,16,109,41,108,81,73,128,57,5,16,5,86,30,77,179,85,153,18,16,18,16,63,23,4,58
"G2001950","2019-2023","KS",,,"Kansas","20","Trego County","195",,,,,,,,,,,,,,,".",".",,,,,,,,,,,,"0500000US20195",,,"20195","Trego County, Kansas",1475,825,148,99,99,0,4,4,0,0,39,0,13,14,12,6,0,6,79,0,20,11,9,0,58,1,103,65,38,352,98,146,108,143,65,68,10,650,247,77,41,36,13,0,9,4,75,0,0,75,0,82,67,15,155,42,0,0,0,28,18,67,172,58,114,44,44,0,0,32,23,0,9,"Trego County, Kansas",74,66,51,44,44,11,7,7,11,11,26,11,19,13,14,9,11,9,48,11,18,14,12,11,49,2,53,38,42,96,70,61,49,51,43,36,11,67,55,35,28,28,15,11,13,8,34,11,11,34,11,39,37,12,63,35,11,11,11,17,17,65,59,31,55,43,43,11,11,25,22,11,13
"G2001970","2019-2023","KS",,,"Kansas","20","Wabaunsee County","197",,,,,,,,,,,,,,,".",".",,,,,,,,,,,,"0500000US20197",,,"20197","Wabaunsee County, Kansas",3299,1829,534,362,315,47,89,50,25,14,62,5,0,33,24,21,2,19,208,31,7,0,7,40,99,31,176,94,82,561,45,353,163,350,217,52,81,1470,671,212,129,83,43,2,4,37,322,86,3,210,23,94,54,40,268,118,4,3,1,58,32,56,391,104,287,14,4,5,5,126,70,4,52,"Wabaunsee County, Kansas",182,137,142,122,119,22,41,28,17,18,31,5,16,19,21,22,3,21,68,33,8,16,8,28,57,31,51,48,34,108,31,94,58,66,63,23,32,113,96,58,44,36,30,3,6,29,96,81,4,60,14,35,25,27,76,56,5,5,2,27,22,38,88,37,85,14,6,8,9,49,35,5,31
"G2001990","2019-2023","KS",,,"Kansas","20","Wallace County","199",,,,,,,,,,,,,,,".",".",,,,,,,,,,,,"0500000US20199",,,"20199","Wallace County, Kansas",711,392,164,143,132,11,0,0,0,0,16,7,0,7,2,5,5,0,31,0,7,0,7,7,17,0,31,21,10,85,15,52,18,81,8,57,16,319,147,26,23,3,0,0,0,0,83,0,0,82,1,38,31,7,87,25,0,0,0,27,32,3,77,17,60,4,4,0,0,4,2,2,0,"Wallace County, Kansas",77,51,39,36,34,12,11,11,11,11,13,6,11,9,4,7,7,11,20,11,7,11,7,8,13,11,17,13,10,32,10,28,13,39,6,33,20,41,35,12,11,4,11,11,11,11,30,11,11,30,2,23,23,8,38,24,11,11,11,22,19,3,21,15,21,5,5,11,11,4,4,3,11
"G2002010","2019-2023","KS",,,"Kansas","20","Washington County","201",,,,,,,,,,,,,,,".",".",,,,,,,,,,,,"0500000US20201",,,"20201","Washington County, Kansas",2576,1444,480,331,281,50,55,11,37,7,64,23,0,31,10,30,22,8,136,21,17,5,12,9,46,43,187,147,40,287,85,114,88,354,171,135,48,1132,536,185,117,68,18,5,0,13,238,39,6,178,15,95,55,40,272,88,0,0,0,52,33,99,263,63,200,4,3,1,0,57,34,7,16,"Washington County, Kansas",142,83,74,64,53,26,35,9,36,8,30,14,16,24,8,17,15,7,51,21,10,5,9,8,25,34,55,47,20,57,34,37,30,54,45,36,23,92,67,47,41,25,14,6,16,13,48,20,7,40,15,27,18,19,60,36,16,16,16,27,22,44,49,29,40,6,4,3,16,27,22,5,11
"G2002030","2019-2023","KS",,,"Kansas","20","Wichita County","203",,,,,,,,,,,,,,,".",".",,,,,,,,,,,,"0500000US20203",,,"20203","Wichita County, Kansas",952,587,228,145,141,4,44,5,9,30,39,4,0,19,16,0,0,0,33,0,9,0,9,0,24,0,70,35,35,149,86,20,43,107,46,19,42,365,153,79,57,22,3,0,0,3,50,6,0,35,9,21,10,11,67,23,0,0,0,2,33,9,108,4,104,22,5,0,17,15,7,4,4,"Wichita County, Kansas",129,93,72,54,53,7,40,8,10,38,34,9,11,24,24,11,11,11,27,11,13,11,13,11,24,11,44,35,28,76,61,23,36,87,44,16,58,88,61,53,49,27,5,11,11,5,30,12,11,24,11,18,10,16,37,20,11,11,11,5,28,11,57,8,57,26,8,11,24,15,11,7,7
"G2002050","2019-2023","KS",,,"Kansas","20","Wilson County","205",,,,,,,,,,,,,,,".",".",,,,,,,,,,,,"0500000US20205",,,"20205","Wilson County, Kansas",3889,2085,758,498,407,91,157,94,24,39,66,9,1,53,3,37,36,1,184,25,22,8,14,70,47,20,102,74,28,428,78,148,202,613,351,224,38,1804,769,152,95,57,37,0,17,20,432,58,9,365,0,148,110,38,387,145,0,0,0,67,133,42,462,180,282,5,5,0,0,181,146,23,12,"Wilson County, Kansas",183,145,127,109,112,50,77,75,27,37,32,10,1,32,4,26,26,3,61,21,16,10,13,39,28,24,33,29,16,94,47,53,69,99,84,70,24,129,98,54,39,35,25,16,23,18,102,39,14,100,16,50,41,34,92,67,16,16,16,38,83,31,113,82,73,6,6,16,16,68,66,28,12
"G2002070","2019-2023","KS",,,"Kansas","20","Woodson County","207",,,,,,,,,,,,,,,".",".",,,,,,,,,,,,"0500000US20207",,,"20207","Woodson County, Kansas",1319,667,160,122,114,8,17,5,6,6,21,5,0,16,0,0,0,0,110,0,42,14,28,22,46,0,48,29,19,200,17,140,43,149,58,21,70,652,261,95,66,29,6,3,0,3,122,7,0,99,16,38,21,17,172,68,5,2,3,47,27,25,131,35,96,0,0,0,0,88,76,2,10,"Woodson County, Kansas",95,76,49,42,40,8,13,6,8,8,17,7,11,15,11,11,11,11,45,11,24,13,17,22,37,11,26,18,18,69,17,60,24,49,31,15,41,60,63,39,39,28,7,6,11,5,49,8,11,44,18,23,16,14,49,32,6,3,5,26,20,30,44,22,41,11,11,11,11,58,56,3,11
"G2002090","2019-2023","KS",,,"Kansas","20","Wyandotte County","209",,,,,,,,,,,,,,,".",".",,,,,,,,,,,,"0500000US20209",,,"20209","Wyandotte County, Kansas",78267,42085,9099,3986,3035,951,2427,1416,673,338,1631,336,139,1002,154,1055,518,537,6030,350,1552,893,659,1636,2048,444,4938,3040,1898,9426,287,6608,2531,12592,4600,2756,5236,36182,12855,4774,2583,2191,1097,562,232,303,4382,812,272,2828,470,2602,1770,832,8080,2014,368,242,126,2557,1840,1301,9680,3705,5975,469,79,299,91,5098,2715,400,1983,"Wyandotte County, Kansas",1222,929,668,515,462,198,314,232,200,144,331,141,87,252,88,291,213,186,617,169,321,234,218,280,373,150,471,467,346,789,170,725,370,830,618,398,539,892,760,523,364,335,238,183,105,127,571,208,102,445,152,358,292,195,652,344,161,124,82,353,308,263,759,452,577,154,67,143,56,508,437,134,366
