GISJOIN,YEAR,STUSAB,REGIONA,DIVISIONA,STATE,STATEA,COUNTY,COUNTYA,COUSUBA,PLACEA,TRACTA,BLKGRPA,CONCITA,AIANHHA,RES_ONLYA,TRUSTA,AIHHTLI,AITSA,ANRCA,CBSAA,CSAA,METDIVA,CNECTA,NECTADIV,UAA,CDCURRA,SLDUA,SLDLA,ZCTA5A,SUBMCDA,SDELMA,SDSECA,SDUNIA,PCI,PUMAA,GEO_ID,BTTRA,BTBGA,TL_GEO_ID,NAME_E,ASS5E001,ASS5E002,ASS5E003,ASS5E004,ASS5E005,ASS5E006,ASS5E007,ASS5E008,ASS5E009,ASS5E010,ASS5E011,ASS5E012,ASS5E013,ASS5E014,ASS5E015,ASS5E016,ASS5E017,ASS5E018,ASS5E019,ASS5E020,ASS5E021,ASS5E022,ASS5E023,ASS5E024,ASS5E025,ASS5E026,ASS5E027,ASS5E028,ASS5E029,ASS5E030,ASS5E031,ASS5E032,ASS5E033,ASS5E034,ASS5E035,ASS5E036,ASS5E037,ASS5E038,ASS5E039,ASS5E040,ASS5E041,ASS5E042,ASS5E043,ASS5E044,ASS5E045,ASS5E046,ASS5E047,ASS5E048,ASS5E049,ASS5E050,ASS5E051,ASS5E052,ASS5E053,ASS5E054,ASS5E055,NAME_M,ASS5M001,ASS5M002,ASS5M003,ASS5M004,ASS5M005,ASS5M006,ASS5M007,ASS5M008,ASS5M009,ASS5M010,ASS5M011,ASS5M012,ASS5M013,ASS5M014,ASS5M015,ASS5M016,ASS5M017,ASS5M018,ASS5M019,ASS5M020,ASS5M021,ASS5M022,ASS5M023,ASS5M024,ASS5M025,ASS5M026,ASS5M027,ASS5M028,ASS5M029,ASS5M030,ASS5M031,ASS5M032,ASS5M033,ASS5M034,ASS5M035,ASS5M036,ASS5M037,ASS5M038,ASS5M039,ASS5M040,ASS5M041,ASS5M042,ASS5M043,ASS5M044,ASS5M045,ASS5M046,ASS5M047,ASS5M048,ASS5M049,ASS5M050,ASS5M051,ASS5M052,ASS5M053,ASS5M054,ASS5M055
"G2000010","2019-2023","KS",,,"Kansas","20","Allen County","001",,,,,,,,,,,,,,,".",".",,,,,,,,,,,,"0500000US20001",,,"20001","Allen County, Kansas",5607,3090,252,132,120,382,765,122,318,252,220,32,21,137,109,28,61,51,0,10,385,236,149,172,4,168,153,70,2517,8,8,0,70,265,10,273,47,41,6,26,161,114,47,68,51,0,17,1093,505,588,201,20,181,127,168,"Allen County, Kansas",301,173,84,55,71,122,132,64,111,88,90,25,20,89,86,22,43,39,18,12,108,99,58,73,6,73,63,56,231,7,7,18,60,88,11,100,41,39,9,20,67,59,30,59,58,18,17,170,114,137,90,24,87,67,84
"G2000030","2019-2023","KS",,,"Kansas","20","Anderson County","003",,,,,,,,,,,,,,,".",".",,,,,,,,,,,,"0500000US20003",,,"20003","Anderson County, Kansas",3421,1976,294,233,61,377,432,10,159,182,117,65,5,72,33,39,62,49,0,13,123,56,67,15,11,4,115,130,1445,6,6,0,39,124,117,140,15,15,0,0,122,105,17,63,48,0,15,611,260,351,41,0,41,133,34,"Anderson County, Kansas",212,141,96,93,48,125,144,14,62,91,74,57,12,58,33,47,50,45,16,17,76,44,54,19,17,7,83,114,170,8,8,16,39,79,92,62,18,18,16,16,83,78,23,48,41,16,22,140,110,122,31,16,31,99,38
"G2000050","2019-2023","KS",,,"Kansas","20","Atchison County","005",,,,,,,,,,,,,,,".",".",,,,,,,,,,,,"0500000US20005",,,"20005","Atchison County, Kansas",7828,3867,352,313,39,577,479,285,408,306,228,78,63,247,241,6,234,127,0,107,384,293,91,208,46,162,68,256,3961,4,4,0,46,122,65,471,56,50,6,55,194,174,20,222,124,9,89,1764,844,920,516,83,433,210,236,"Atchison County, Kansas",345,230,119,115,38,136,135,130,105,121,109,54,65,130,132,11,117,102,18,76,115,105,65,93,28,90,38,79,255,5,5,18,28,100,61,188,40,40,8,34,100,99,19,105,70,12,86,287,222,213,160,45,145,95,101
"G2000070","2019-2023","KS",,,"Kansas","20","Barber County","007",,,,,,,,,,,,,,,".",".",,,,,,,,,,,,"0500000US20007",,,"20007","Barber County, Kansas",2105,1114,449,324,125,116,108,57,83,84,31,53,0,19,19,0,10,0,0,10,51,40,11,36,21,15,62,39,991,29,29,0,8,13,0,76,12,11,1,15,72,72,0,35,26,0,9,586,166,420,57,1,56,18,70,"Barber County, Kansas",157,116,100,93,51,59,47,30,32,30,20,31,11,19,19,11,8,11,11,8,28,26,9,20,15,13,50,23,83,20,20,11,11,12,11,33,9,9,2,11,29,29,11,19,16,11,13,77,44,78,28,2,28,15,35
"G2000090","2019-2023","KS",,,"Kansas","20","Barton County","009",,,,,,,,,,,,,,,".",".",,,,,,,,,,,,"0500000US20009",,,"20009","Barton County, Kansas",12121,6312,883,602,281,980,888,178,569,446,229,217,59,294,163,131,531,176,0,355,593,242,351,134,47,87,336,421,5809,157,112,45,61,259,87,619,89,75,14,112,494,449,45,317,195,0,122,2175,698,1477,788,129,659,332,319,"Barton County, Kansas",358,261,138,121,98,222,204,88,156,151,97,101,46,110,83,81,148,73,21,132,153,86,137,89,64,61,143,167,344,67,55,33,43,101,60,180,50,46,18,75,156,151,41,110,92,21,56,287,152,265,251,125,211,114,148
"G2000110","2019-2023","KS",,,"Kansas","20","Bourbon County","011",,,,,,,,,,,,,,,".",".",,,,,,,,,,,,"0500000US20011",,,"20011","Bourbon County, Kansas",6767,3556,213,192,21,343,1286,66,336,219,219,0,32,175,156,19,236,119,0,117,240,159,81,153,5,148,96,161,3211,132,115,17,7,275,107,387,83,83,0,37,387,381,6,129,89,0,40,1226,546,680,199,33,166,117,125,"Bourbon County, Kansas",350,248,90,85,24,108,313,42,133,76,76,18,33,101,94,26,96,70,18,68,101,69,56,99,8,98,50,84,273,94,88,25,12,104,80,180,61,61,18,30,134,136,11,77,67,18,30,201,159,169,99,38,93,54,127
"G2000130","2019-2023","KS",,,"Kansas","20","Brown County","013",,,,,,,,,,,,,,,".",".",,,,,,,,,,,,"0500000US20013",,,"20013","Brown County, Kansas",4337,2280,258,258,0,202,522,82,266,256,233,23,40,63,43,20,97,28,16,53,143,65,78,109,67,42,98,144,2057,57,57,0,24,208,12,223,20,5,15,20,164,137,27,105,66,0,39,884,341,543,151,96,55,124,65,"Brown County, Kansas",213,136,57,57,16,58,106,38,103,86,85,13,22,34,21,25,49,23,24,32,52,38,37,32,23,22,38,60,132,33,33,16,18,85,16,73,24,6,24,13,56,56,25,39,38,16,20,141,97,110,45,31,29,55,28
"G2000150","2019-2023","KS",,,"Kansas","20","Butler County","015",,,,,,,,,,,,,,,".",".",,,,,,,,,,,,"0500000US20015",,,"20015","Butler County, Kansas",31887,16707,724,574,150,1665,4175,533,1592,1172,875,297,66,593,366,227,1414,809,0,605,2250,1499,751,795,253,542,705,1023,15180,185,88,97,189,920,239,1515,423,397,26,218,1237,940,297,1217,864,0,353,6413,3040,3373,1219,193,1026,781,624,"Butler County, Kansas",627,403,174,161,75,249,460,181,313,240,196,123,49,133,118,101,286,190,27,217,347,303,194,165,114,157,147,225,481,86,54,67,86,205,130,250,150,143,25,102,207,176,104,224,179,27,127,491,352,357,242,106,221,183,170
"G2000170","2019-2023","KS",,,"Kansas","20","Chase County","017",,,,,,,,,,,,,,,".",".",,,,,,,,,,,,"0500000US20017",,,"20017","Chase County, Kansas",1199,600,113,78,35,33,140,29,37,31,31,0,1,20,5,15,11,6,0,5,42,33,9,55,1,54,60,28,599,36,36,0,11,80,3,39,2,2,0,1,20,15,5,29,16,0,13,266,163,103,47,10,37,19,46,"Chase County, Kansas",72,49,35,30,19,16,40,23,20,21,21,11,3,14,5,12,8,6,11,6,20,19,8,29,2,29,29,15,63,25,25,11,11,44,5,23,3,3,11,2,12,10,6,16,11,11,13,51,48,38,21,8,20,14,21
"G2000190","2019-2023","KS",,,"Kansas","20","Chautauqua County","019",,,,,,,,,,,,,,,".",".",,,,,,,,,,,,"0500000US20019",,,"20019","Chautauqua County, Kansas",1363,718,166,76,90,86,153,19,40,100,38,62,0,3,3,0,24,8,0,16,95,70,25,6,5,1,2,24,645,9,6,3,6,25,25,38,9,5,4,6,27,27,0,13,0,0,13,421,156,265,22,12,10,10,34,"Chautauqua County, Kansas",87,69,51,33,40,27,43,13,28,39,25,32,11,5,5,11,18,12,11,15,32,27,17,6,6,2,5,15,58,11,8,6,9,14,22,23,7,6,4,8,17,17,11,12,11,11,12,55,47,46,14,11,8,7,19
"G2000210","2019-2023","KS",,,"Kansas","20","Cherokee County","021",,,,,,,,,,,,,,,".",".",,,,,,,,,,,,"0500000US20021",,,"20021","Cherokee County, Kansas",9099,4642,215,193,22,432,1280,147,488,438,323,115,9,102,48,54,271,53,0,218,585,346,239,263,108,155,219,193,4457,56,56,0,70,496,39,455,66,63,3,101,246,245,1,182,71,0,111,1896,457,1439,550,199,351,213,87,"Cherokee County, Kansas",340,227,70,66,22,119,234,91,155,146,126,71,12,88,38,66,117,46,18,106,148,128,95,95,74,67,77,77,258,64,64,18,81,121,39,112,41,41,5,63,125,125,3,95,43,18,78,230,139,223,153,83,118,84,53
"G2000230","2019-2023","KS",,,"Kansas","20","Cheyenne County","023",,,,,,,,,,,,,,,".",".",,,,,,,,,,,,"0500000US20023",,,"20023","Cheyenne County, Kansas",1262,667,257,235,22,46,43,23,36,63,40,23,3,14,9,5,31,24,0,7,32,32,0,55,19,36,57,7,595,50,50,0,0,9,37,37,8,8,0,9,32,29,3,34,30,0,4,256,106,150,47,2,45,32,44,"Cheyenne County, Kansas",76,54,65,66,19,23,24,15,24,30,25,15,6,13,12,7,22,20,11,7,22,22,11,35,21,28,29,9,57,32,32,11,11,10,33,26,11,11,11,7,18,18,4,25,25,11,6,60,43,49,26,4,26,22,30
"G2000250","2019-2023","KS",,,"Kansas","20","Clark County","025",,,,,,,,,,,,,,,".",".",,,,,,,,,,,,"0500000US20025",,,"20025","Clark County, Kansas",949,499,116,111,5,56,33,29,51,41,26,15,2,17,17,0,21,21,0,0,59,53,6,17,0,17,30,27,450,27,27,0,0,13,0,110,4,4,0,4,15,11,4,42,26,0,16,181,56,125,20,7,13,10,24,"Clark County, Kansas",115,72,38,38,5,24,17,17,35,25,19,13,3,14,14,11,15,15,11,11,46,47,6,15,11,15,18,15,66,22,22,11,11,12,11,45,3,3,11,6,9,8,5,24,16,11,19,39,26,35,12,9,11,11,13
"G2000270","2019-2023","KS",,,"Kansas","20","Clay County","027",,,,,,,,,,,,,,,".",".",,,,,,,,,,,,"0500000US20027",,,"20027","Clay County, Kansas",3647,2039,406,406,0,331,271,87,168,87,63,24,26,17,17,0,155,94,0,61,161,76,85,56,0,56,86,188,1608,1,1,0,35,82,9,174,23,19,4,24,134,110,24,81,25,0,56,710,185,525,55,3,52,172,108,"Clay County, Kansas",278,177,119,119,16,113,113,55,64,60,57,20,27,20,20,16,71,51,16,52,93,62,65,46,16,46,48,67,177,3,3,16,33,59,17,66,22,20,5,22,62,59,27,57,18,16,56,129,69,122,46,4,46,70,67
"G2000290","2019-2023","KS",,,"Kansas","20","Cloud County","029",,,,,,,,,,,,,,,".",".",,,,,,,,,,,,"0500000US20029",,,"20029","Cloud County, Kansas",4164,2176,363,336,27,239,405,65,194,182,114,68,10,14,14,0,175,119,0,56,233,117,116,119,39,80,89,88,1988,68,47,21,39,65,19,269,12,12,0,23,55,55,0,81,53,0,28,1000,280,720,157,45,112,94,106,"Cloud County, Kansas",243,153,90,88,30,76,118,41,64,75,57,49,11,12,12,16,77,73,16,36,89,62,62,65,38,56,63,47,171,33,25,24,35,47,19,88,8,8,16,21,32,32,16,38,27,16,25,150,86,129,72,38,61,54,60
"G2000310","2019-2023","KS",,,"Kansas","20","Coffey County","031",,,,,,,,,,,,,,,".",".",,,,,,,,,,,,"0500000US20031",,,"20031","Coffey County, Kansas",3826,1964,189,153,36,214,161,49,290,575,136,439,24,5,3,2,89,38,0,51,154,96,58,60,11,49,81,73,1862,4,3,1,34,130,25,277,101,53,48,19,89,69,20,53,35,0,18,802,403,399,136,12,124,81,111,"Coffey County, Kansas",175,121,55,54,18,48,47,24,58,100,54,97,20,9,5,5,37,24,16,25,52,41,41,40,11,40,44,37,105,5,5,2,26,52,24,73,41,28,28,17,42,38,20,21,18,16,10,124,105,84,55,10,53,36,32
"G2000330","2019-2023","KS",,,"Kansas","20","Comanche County","033",,,,,,,,,,,,,,,".",".",,,,,,,,,,,,"0500000US20033",,,"20033","Comanche County, Kansas",841,440,149,118,31,54,45,14,57,27,25,2,2,1,0,1,2,2,0,0,50,24,26,23,14,9,14,2,401,37,37,0,2,11,0,34,9,6,3,8,17,15,2,18,16,0,2,244,57,187,3,0,3,7,11,"Comanche County, Kansas",112,70,38,37,23,28,25,10,39,17,17,4,3,3,11,3,3,3,11,11,22,16,17,20,19,8,9,3,74,24,24,11,3,11,11,19,7,5,4,11,10,10,3,17,15,11,5,77,31,71,4,11,4,7,8
"G2000350","2019-2023","KS",,,"Kansas","20","Cowley County","035",,,,,,,,,,,,,,,".",".",,,,,,,,,,,,"0500000US20035",,,"20035","Cowley County, Kansas",15226,8110,579,484,95,738,1953,173,765,846,522,324,75,124,90,34,401,222,0,179,983,685,298,725,205,520,301,447,7116,81,70,11,59,644,42,728,107,59,48,96,635,485,150,387,189,0,198,3254,1383,1871,511,192,319,320,252,"Cowley County, Kansas",484,316,178,174,51,155,238,92,203,205,128,170,54,68,65,29,138,103,24,90,193,156,109,195,96,173,120,114,312,56,52,17,46,137,37,190,75,41,52,59,195,176,88,113,82,24,82,327,233,266,118,73,86,134,85
"G2000370","2019-2023","KS",,,"Kansas","20","Crawford County","037",,,,,,,,,,,,,,,".",".",,,,,,,,,,,,"0500000US20037",,,"20037","Crawford County, Kansas",19664,10293,370,288,82,889,1926,298,1375,502,420,82,156,438,284,154,672,360,6,306,1489,935,554,1032,401,631,667,479,9371,99,99,0,127,641,81,898,186,183,3,96,389,359,30,544,295,32,217,3906,1729,2177,1264,144,1120,641,499,"Crawford County, Kansas",499,422,118,102,56,168,297,165,299,115,108,49,84,149,115,102,157,130,11,105,277,223,170,238,160,210,217,138,355,44,44,24,95,177,57,211,94,93,5,60,124,130,30,158,110,35,109,314,256,272,232,64,221,179,170
"G2000390","2019-2023","KS",,,"Kansas","20","Decatur County","039",,,,,,,,,,,,,,,".",".",,,,,,,,,,,,"0500000US20039",,,"20039","Decatur County, Kansas",1375,763,356,299,57,54,81,68,66,23,23,0,0,32,18,14,7,7,0,0,16,8,8,23,0,23,12,25,612,29,29,0,0,19,14,44,31,31,0,19,38,35,3,10,10,0,0,265,108,157,46,0,46,37,60,"Decatur County, Kansas",95,72,79,70,43,40,33,47,37,17,17,11,11,21,21,16,9,9,11,11,16,12,10,20,11,20,13,24,57,26,26,11,11,21,14,30,38,38,11,16,23,23,4,11,11,11,11,70,53,53,34,11,34,28,42
"G2000410","2019-2023","KS",,,"Kansas","20","Dickinson County","041",,,,,,,,,,,,,,,".",".",,,,,,,,,,,,"0500000US20041",,,"20041","Dickinson County, Kansas",8998,4677,386,367,19,491,1041,178,450,493,311,182,77,63,56,7,379,269,0,110,513,322,191,179,52,127,191,236,4321,66,55,11,43,395,64,449,84,56,28,24,270,226,44,287,180,0,107,2041,828,1213,202,20,182,212,184,"Dickinson County, Kansas",315,223,133,125,19,140,191,67,138,160,79,140,52,37,36,7,134,105,18,75,153,107,95,104,40,94,77,95,211,52,51,20,41,131,40,102,40,31,30,22,87,82,32,85,67,18,56,232,212,218,79,19,75,85,83
"G2000430","2019-2023","KS",,,"Kansas","20","Doniphan County","043",,,,,,,,,,,,,,,".",".",,,,,,,,,,,,"0500000US20043",,,"20043","Doniphan County, Kansas",3717,1879,158,144,14,128,533,58,162,191,173,18,22,68,43,25,91,13,0,78,190,108,82,76,27,49,82,120,1838,38,38,0,13,182,10,167,31,25,6,9,96,82,14,101,75,0,26,888,312,576,99,16,83,120,84,"Doniphan County, Kansas",189,115,44,41,15,50,97,29,57,50,48,22,22,50,44,32,43,12,16,41,60,52,39,42,21,37,48,64,126,23,23,16,17,77,13,61,24,22,8,12,49,42,23,59,51,16,23,160,77,141,35,11,34,66,44
"G2000450","2019-2023","KS",,,"Kansas","20","Douglas County","045",,,,,,,,,,,,,,,".",".",,,,,,,,,,,,"0500000US20045",,,"20045","Douglas County, Kansas",66407,33955,486,431,55,3064,3594,823,3862,2221,1881,340,576,1971,1424,547,4876,3172,0,1704,6616,4436,2180,3346,887,2459,1265,1255,32452,65,65,0,236,1562,108,3862,756,704,52,453,1935,1544,391,2948,2090,13,845,13211,6916,6295,3787,979,2808,2105,1424,"Douglas County, Kansas",1048,675,223,226,49,444,478,224,529,427,418,139,205,361,331,205,655,509,27,404,627,553,397,505,297,411,333,277,841,46,46,27,99,446,98,646,248,241,48,188,334,307,169,526,399,23,307,879,669,670,530,281,499,400,329
"G2000470","2019-2023","KS",,,"Kansas","20","Edwards County","047",,,,,,,,,,,,,,,".",".",,,,,,,,,,,,"0500000US20047",,,"20047","Edwards County, Kansas",1287,762,283,242,41,65,164,28,41,42,32,10,0,5,3,2,11,3,0,8,57,29,28,26,13,13,26,14,525,36,36,0,6,30,6,30,14,14,0,24,39,36,3,23,13,0,10,196,74,122,28,7,21,37,56,"Edwards County, Kansas",78,47,55,52,30,25,52,20,19,22,19,11,11,6,5,3,9,4,11,9,25,19,18,19,12,15,16,12,59,16,16,11,8,16,6,16,9,9,11,19,18,18,6,16,13,11,9,43,30,32,17,7,15,24,25
"G2000490","2019-2023","KS",,,"Kansas","20","Elk County","049",,,,,,,,,,,,,,,".",".",,,,,,,,,,,,"0500000US20049",,,"20049","Elk County, Kansas",978,541,110,53,57,77,57,5,39,42,26,16,6,23,8,15,37,18,0,19,73,45,28,28,8,20,19,25,437,29,25,4,7,15,0,29,21,20,1,7,39,39,0,24,15,0,9,198,111,87,17,0,17,19,32,"Elk County, Kansas",79,51,46,26,35,30,17,7,19,22,22,15,6,20,7,18,18,11,11,14,34,27,18,17,11,15,13,14,56,18,18,4,7,12,11,19,15,15,2,7,18,18,11,15,13,11,9,42,29,30,12,11,12,12,20
"G2000510","2019-2023","KS",,,"Kansas","20","Ellis County","051",,,,,,,,,,,,,,,".",".",,,,,,,,,,,,"0500000US20051",,,"20051","Ellis County, Kansas",16511,8820,1020,655,365,838,628,234,1040,485,297,188,288,438,260,178,530,301,0,229,1688,973,715,1046,174,872,349,236,7691,69,26,43,13,118,69,833,128,60,68,197,361,264,97,504,311,0,193,3911,1659,2252,994,88,906,201,293,"Ellis County, Kansas",419,273,238,198,111,266,166,93,203,142,123,82,128,188,139,112,175,128,21,107,287,224,202,325,94,303,112,106,325,40,29,31,13,58,69,198,79,54,59,101,132,110,67,190,172,21,93,386,268,333,276,64,267,101,117
"G2000530","2019-2023","KS",,,"Kansas","20","Ellsworth County","053",,,,,,,,,,,,,,,".",".",,,,,,,,,,,,"0500000US20053",,,"20053","Ellsworth County, Kansas",2720,1452,267,168,99,159,250,31,85,121,65,56,5,24,24,0,58,27,0,31,173,103,70,78,18,60,65,136,1268,66,61,5,2,62,5,58,40,25,15,24,110,104,6,75,52,0,23,592,155,437,86,0,86,44,104,"Ellsworth County, Kansas",113,101,73,56,56,59,62,26,41,35,30,26,6,29,29,16,37,22,16,23,47,36,37,37,14,36,35,56,95,48,48,6,4,32,9,27,24,26,14,20,55,55,8,33,28,16,18,81,42,71,41,16,41,22,44
"G2000550","2019-2023","KS",,,"Kansas","20","Finney County","055",,,,,,,,,,,,,,,".",".",,,,,,,,,,,,"0500000US20055",,,"20055","Finney County, Kansas",18628,10389,1130,949,181,1120,2835,270,1299,1076,757,319,23,183,122,61,405,161,0,244,936,498,438,498,64,434,258,356,8239,37,16,21,60,1361,72,1132,129,129,0,110,397,268,129,293,226,0,67,3183,1554,1629,686,134,552,372,407,"Finney County, Kansas",508,336,252,242,92,249,352,124,230,228,194,109,33,79,60,39,153,80,24,123,237,167,191,130,49,119,100,94,384,27,21,20,62,243,51,243,96,96,24,83,138,112,84,128,113,24,56,332,243,270,211,83,174,123,124
"G2000570","2019-2023","KS",,,"Kansas","20","Ford County","057",,,,,,,,,,,,,,,".",".",,,,,,,,,,,,"0500000US20057",,,"20057","Ford County, Kansas",16726,9921,778,771,7,1112,3019,276,737,896,629,267,70,133,108,25,585,191,0,394,720,220,500,816,401,415,452,327,6805,99,99,0,125,1414,172,627,111,77,34,45,393,313,80,586,226,0,360,2068,1061,1007,756,140,616,170,239,"Ford County, Kansas",618,393,251,250,9,293,520,142,262,221,213,95,53,106,91,54,207,91,24,197,197,83,166,210,152,158,189,148,414,88,88,24,82,344,104,237,74,69,33,38,142,117,82,240,108,24,216,338,236,261,271,87,252,108,128
"G2000590","2019-2023","KS",,,"Kansas","20","Franklin County","059",,,,,,,,,,,,,,,".",".",,,,,,,,,,,,"0500000US20059",,,"20059","Franklin County, Kansas",13437,7231,366,297,69,753,1061,740,1036,933,575,358,89,116,86,30,502,330,0,172,730,514,216,308,67,241,205,392,6206,50,37,13,54,319,102,929,464,429,35,68,385,281,104,408,277,0,131,2338,843,1495,604,87,517,124,361,"Franklin County, Kansas",360,247,139,117,68,198,241,251,223,226,165,157,57,54,45,30,126,102,21,81,185,162,92,120,44,115,78,174,286,43,37,22,34,116,74,195,162,157,43,58,139,114,87,111,84,21,78,233,167,227,164,61,155,67,140
"G2000610","2019-2023","KS",,,"Kansas","20","Geary County","061",,,,,,,,,,,,,,,".",".",,,,,,,,,,,,"0500000US20061",,,"20061","Geary County, Kansas",12582,6054,76,76,0,808,792,292,792,493,363,130,74,95,74,21,612,363,0,249,606,347,259,566,211,355,323,525,6528,0,0,0,3,370,92,1174,141,127,14,85,361,194,167,315,130,0,185,2567,1138,1429,475,60,415,506,439,"Geary County, Kansas",622,492,46,46,24,217,299,256,182,176,140,106,59,49,47,17,177,155,24,119,179,125,125,239,159,147,161,139,349,24,24,24,4,145,102,284,80,80,15,61,140,84,99,114,68,24,90,313,205,255,143,51,130,188,123
"G2000630","2019-2023","KS",,,"Kansas","20","Gove County","063",,,,,,,,,,,,,,,".",".",,,,,,,,,,,,"0500000US20063",,,"20063","Gove County, Kansas",1348,755,243,211,32,97,34,39,79,49,48,1,0,16,14,2,13,6,0,7,68,36,32,21,6,15,70,26,593,22,17,5,3,18,1,43,7,7,0,16,32,30,2,24,15,0,9,337,133,204,50,29,21,14,26,"Gove County, Kansas",88,68,47,44,21,32,15,30,30,16,17,2,11,11,11,3,9,6,11,6,20,14,16,14,10,10,25,16,56,16,14,6,4,12,2,19,5,5,11,13,17,17,3,14,10,11,9,57,34,51,23,20,13,13,11
"G2000650","2019-2023","KS",,,"Kansas","20","Graham County","065",,,,,,,,,,,,,,,".",".",,,,,,,,,,,,"0500000US20065",,,"20065","Graham County, Kansas",1183,648,148,110,38,85,53,24,38,75,70,5,12,16,12,4,16,0,0,16,65,25,40,21,8,13,21,74,535,7,4,3,6,28,2,107,12,10,2,0,45,43,2,13,11,0,2,240,96,144,8,2,6,22,45,"Graham County, Kansas",89,69,51,49,23,43,29,19,22,46,45,6,11,13,11,7,14,11,11,14,30,18,24,11,10,10,16,31,64,7,7,4,8,24,3,46,10,10,3,11,22,21,3,10,10,11,3,44,35,38,7,4,6,17,31
"G2000670","2019-2023","KS",,,"Kansas","20","Grant County","067",,,,,,,,,,,,,,,".",".",,,,,,,,,,,,"0500000US20067",,,"20067","Grant County, Kansas",3572,2180,992,656,336,223,114,36,138,307,193,114,34,30,30,0,20,4,0,16,125,47,78,47,17,30,76,38,1392,133,115,18,31,165,4,113,83,0,83,2,65,17,48,78,78,0,0,412,186,226,82,0,82,64,160,"Grant County, Kansas",296,232,279,224,195,183,96,59,103,135,105,93,45,37,37,16,33,9,16,33,106,77,102,61,29,49,81,56,232,88,76,33,40,193,7,86,86,16,86,5,58,28,50,72,72,16,16,181,130,114,68,16,68,74,107
"G2000690","2019-2023","KS",,,"Kansas","20","Gray County","069",,,,,,,,,,,,,,,".",".",,,,,,,,,,,,"0500000US20069",,,"20069","Gray County, Kansas",2840,1613,469,462,7,290,93,95,95,161,132,29,3,45,41,4,58,30,0,28,76,47,29,21,8,13,95,112,1227,168,164,4,13,59,22,106,54,32,22,8,68,56,12,93,44,0,49,460,230,230,59,12,47,55,62,"Gray County, Kansas",93,63,91,90,9,77,48,45,55,53,52,19,6,28,27,5,35,28,16,18,31,21,24,14,10,9,48,48,83,65,64,5,15,39,14,54,36,27,27,7,36,31,17,45,25,16,33,84,61,58,29,11,28,23,37
"G2000710","2019-2023","KS",,,"Kansas","20","Greeley County","071",,,,,,,,,,,,,,,".",".",,,,,,,,,,,,"0500000US20071",,,"20071","Greeley County, Kansas",683,359,150,142,8,36,18,12,15,31,26,5,8,9,9,0,19,9,0,10,43,35,8,0,0,0,1,17,324,18,18,0,4,3,3,104,4,4,0,37,10,10,0,9,4,0,5,81,53,28,15,0,15,10,26,"Greeley County, Kansas",88,56,47,44,9,23,16,9,13,24,22,7,12,10,10,11,12,10,11,10,22,22,7,11,11,11,3,13,67,11,11,11,4,5,5,61,5,5,11,30,9,9,11,9,6,11,7,31,22,22,19,11,19,13,16
"G2000730","2019-2023","KS",,,"Kansas","20","Greenwood County","073",,,,,,,,,,,,,,,".",".",,,,,,,,,,,,"0500000US20073",,,"20073","Greenwood County, Kansas",2821,1611,282,178,104,192,269,63,73,248,145,103,16,32,25,7,86,2,0,84,187,54,133,45,6,39,71,47,1210,62,43,19,8,98,45,121,62,57,5,12,99,94,5,73,53,0,20,488,189,299,59,12,47,32,51,"Greenwood County, Kansas",154,86,80,52,54,54,68,40,30,68,53,50,18,28,26,10,53,3,16,53,54,27,55,25,8,23,46,37,107,32,29,15,11,34,39,42,45,44,8,11,39,38,9,42,32,16,26,89,54,75,31,14,29,19,27
"G2000750","2019-2023","KS",,,"Kansas","20","Hamilton County","075",,,,,,,,,,,,,,,".",".",,,,,,,,,,,,"0500000US20075",,,"20075","Hamilton County, Kansas",1172,700,354,338,16,103,29,3,43,33,20,13,5,33,33,0,49,9,0,40,4,4,0,15,4,11,10,19,472,36,21,15,15,0,6,23,1,1,0,0,41,41,0,48,16,0,32,217,61,156,68,1,67,6,11,"Hamilton County, Kansas",114,100,120,118,21,70,27,7,37,23,19,12,8,36,36,11,24,13,11,22,6,6,11,16,7,16,14,23,99,32,24,20,20,11,9,19,2,2,11,11,36,36,11,42,21,11,39,77,35,66,64,3,64,7,11
"G2000770","2019-2023","KS",,,"Kansas","20","Harper County","077",,,,,,,,,,,,,,,".",".",,,,,,,,,,,,"0500000US20077",,,"20077","Harper County, Kansas",2271,1219,283,262,21,80,279,78,81,91,45,46,4,16,9,7,43,15,0,28,88,34,54,26,0,26,94,56,1052,34,28,6,6,67,3,124,33,18,15,23,81,73,8,13,8,0,5,529,174,355,46,7,39,35,58,"Harper County, Kansas",105,76,73,73,13,41,61,44,31,48,28,35,6,14,9,11,30,13,16,27,35,24,28,19,16,19,48,27,71,21,20,7,7,38,5,53,13,14,11,25,33,31,11,10,9,16,6,87,60,77,23,10,22,29,22
"G2000790","2019-2023","KS",,,"Kansas","20","Harvey County","079",,,,,,,,,,,,,,,".",".",,,,,,,,,,,,"0500000US20079",,,"20079","Harvey County, Kansas",16660,8851,318,289,29,715,2182,276,777,677,507,170,194,246,208,38,682,371,0,311,1170,637,533,471,36,435,590,553,7809,50,50,0,98,673,42,722,284,257,27,46,621,514,107,481,264,0,217,3478,1114,2364,504,16,488,628,182,"Harvey County, Kansas",619,396,141,139,29,177,334,139,198,192,166,96,111,114,112,35,182,139,24,123,275,186,231,171,37,158,212,212,407,41,41,24,60,187,37,158,142,141,27,32,263,246,52,162,123,24,106,335,213,295,172,16,168,178,97
"G2000810","2019-2023","KS",,,"Kansas","20","Haskell County","081",,,,,,,,,,,,,,,".",".",,,,,,,,,,,,"0500000US20081",,,"20081","Haskell County, Kansas",1677,999,356,329,27,124,70,40,93,120,105,15,0,0,0,0,36,0,0,36,25,13,12,35,15,20,46,54,678,44,41,3,17,62,3,74,10,10,0,13,7,7,0,30,0,0,30,255,140,115,52,0,52,71,40,"Haskell County, Kansas",102,84,71,74,28,52,37,27,40,56,55,11,11,11,11,11,27,11,11,27,21,13,15,26,21,26,32,34,94,28,28,4,14,54,5,43,10,10,11,13,10,10,11,25,11,11,25,72,57,48,31,11,31,36,35
"G2000830","2019-2023","KS",,,"Kansas","20","Hodgeman County","083",,,,,,,,,,,,,,,".",".",,,,,,,,,,,,"0500000US20083",,,"20083","Hodgeman County, Kansas",834,497,190,190,0,32,68,6,43,25,16,9,22,12,12,0,6,4,0,2,47,29,18,20,3,17,22,4,337,32,29,3,0,8,3,40,2,2,0,11,18,18,0,22,14,0,8,152,67,85,21,11,10,3,25,"Hodgeman County, Kansas",96,68,56,56,11,14,30,6,24,20,16,11,19,11,11,11,5,4,11,3,23,17,15,23,4,22,16,5,56,24,23,4,11,10,4,23,3,3,11,11,9,9,11,15,13,11,9,35,25,30,16,15,10,4,16
"G2000850","2019-2023","KS",,,"Kansas","20","Jackson County","085",,,,,,,,,,,,,,,".",".",,,,,,,,,,,,"0500000US20085",,,"20085","Jackson County, Kansas",6461,3463,193,187,6,577,733,91,236,296,242,54,25,119,22,97,158,92,0,66,369,126,243,230,124,106,207,229,2998,13,13,0,77,197,12,226,101,99,2,38,196,179,17,211,111,5,95,1101,438,663,287,104,183,209,330,"Jackson County, Kansas",247,175,86,85,7,121,143,51,68,80,73,35,25,57,22,51,65,44,18,40,139,56,126,73,44,54,94,71,155,13,13,18,47,103,15,73,68,69,4,35,67,67,18,88,63,7,50,162,114,152,93,50,78,61,81
"G2000870","2019-2023","KS",,,"Kansas","20","Jefferson County","087",,,,,,,,,,,,,,,".",".",,,,,,,,,,,,"0500000US20087",,,"20087","Jefferson County, Kansas",9349,5052,189,186,3,1156,727,88,564,480,286,194,58,183,124,59,299,182,0,117,577,426,151,66,8,58,330,335,4297,26,24,2,89,165,37,335,136,120,16,100,406,316,90,328,269,1,58,1679,775,904,333,72,261,208,455,"Jefferson County, Kansas",305,188,79,79,5,193,133,45,132,136,97,98,37,72,62,45,103,79,18,60,144,126,64,37,8,35,110,120,216,30,30,4,71,67,38,102,63,58,22,63,99,88,45,103,93,3,43,195,126,175,114,35,106,81,133
"G2000890","2019-2023","KS",,,"Kansas","20","Jewell County","089",,,,,,,,,,,,,,,".",".",,,,,,,,,,,,"0500000US20089",,,"20089","Jewell County, Kansas",1378,793,148,145,3,61,97,14,79,100,91,9,0,22,22,0,16,9,0,7,76,36,40,33,25,8,112,35,585,18,18,0,0,12,18,53,35,35,0,22,22,22,0,56,48,0,8,267,137,130,35,10,25,23,24,"Jewell County, Kansas",73,47,46,47,4,25,37,11,39,36,35,9,11,15,15,11,11,8,11,8,30,20,26,22,19,10,53,34,51,15,15,11,11,12,17,29,25,25,11,15,16,16,11,30,29,11,9,49,37,36,21,15,12,14,17
"G2000910","2019-2023","KS",,,"Kansas","20","Johnson County","091",,,,,,,,,,,,,,,".",".",,,,,,,,,,,,"0500000US20091",,,"20091","Johnson County, Kansas",337557,178068,1370,1133,237,15286,19846,6633,18846,12651,11538,1113,5253,19418,16113,3305,34316,28050,268,5998,20183,7941,12242,12669,3876,8793,4764,6833,159489,310,289,21,2659,8119,2607,15409,3678,3250,428,4142,17341,13804,3537,23808,19279,163,4366,57899,22093,35806,12358,3208,9150,7242,3917,"Johnson County, Kansas",2252,1642,278,279,99,1019,1029,653,1025,853,803,217,524,1109,1050,483,1418,1361,100,621,1072,712,791,904,607,788,519,775,1312,112,112,24,348,690,382,845,492,461,138,429,959,869,492,1107,1005,73,510,1456,1154,1212,1049,489,832,626,441
"G2000930","2019-2023","KS",,,"Kansas","20","Kearny County","093",,,,,,,,,,,,,,,".",".",,,,,,,,,,,,"0500000US20093",,,"20093","Kearny County, Kansas",1757,1087,344,297,47,153,69,18,117,175,141,34,9,16,12,4,16,6,0,10,27,10,17,71,0,71,46,26,670,80,56,24,0,5,0,84,29,29,0,4,35,19,16,25,14,3,8,290,190,100,65,0,65,14,39,"Kearny County, Kansas",121,98,98,91,44,71,47,28,41,84,81,29,14,16,14,8,20,9,11,17,23,15,15,79,11,79,40,24,83,59,42,35,11,9,11,41,31,31,11,7,24,18,19,21,16,5,12,77,54,62,54,11,54,22,38
"G2000950","2019-2023","KS",,,"Kansas","20","Kingman County","095",,,,,,,,,,,,,,,".",".",,,,,,,,,,,,"0500000US20095",,,"20095","Kingman County, Kansas",3599,1867,312,275,37,245,280,66,336,104,77,27,13,23,21,2,66,24,0,42,138,69,69,84,25,59,124,76,1732,80,64,16,11,104,2,182,48,27,21,17,171,129,42,60,45,0,15,722,369,353,176,14,162,80,79,"Kingman County, Kansas",177,147,80,74,23,86,77,41,112,52,43,35,14,17,15,3,36,22,16,27,57,41,41,59,24,54,58,44,119,41,34,18,13,50,3,83,31,25,18,23,65,55,34,33,29,16,16,109,91,80,94,12,95,55,42
"G2000970","2019-2023","KS",,,"Kansas","20","Kiowa County","097",,,,,,,,,,,,,,,".",".",,,,,,,,,,,,"0500000US20097",,,"20097","Kiowa County, Kansas",1233,650,173,150,23,56,30,56,42,71,38,33,9,6,4,2,51,4,0,47,77,59,18,31,7,24,13,35,583,38,30,8,12,10,18,79,6,3,3,21,31,31,0,22,17,1,4,239,148,91,38,10,28,46,23,"Kiowa County, Kansas",70,54,35,35,17,20,14,25,16,32,14,27,7,7,7,3,38,4,11,37,30,29,15,28,15,25,9,18,56,23,22,7,10,12,12,31,10,9,4,15,15,15,11,12,11,6,4,36,35,29,35,8,35,24,14
"G2000990","2019-2023","KS",,,"Kansas","20","Labette County","099",,,,,,,,,,,,,,,".",".",,,,,,,,,,,,"0500000US20099",,,"20099","Labette County, Kansas",9055,4632,218,180,38,552,1108,113,487,278,244,34,34,45,39,6,337,159,50,128,790,261,529,169,25,144,282,219,4423,24,24,0,16,446,48,418,67,63,4,112,231,184,47,234,172,1,61,2326,833,1493,279,17,262,69,153,"Labette County, Kansas",481,358,66,66,24,143,209,60,172,98,87,27,34,32,30,8,168,113,66,83,195,109,162,84,19,83,138,93,254,22,22,18,11,142,38,133,35,34,6,63,82,75,37,98,83,2,47,246,161,231,101,22,103,34,83
"G2001010","2019-2023","KS",,,"Kansas","20","Lane County","101",,,,,,,,,,,,,,,".",".",,,,,,,,,,,,"0500000US20101",,,"20101","Lane County, Kansas",749,429,85,85,0,39,10,46,39,43,39,4,2,21,21,0,42,42,0,0,33,19,14,28,0,28,33,8,320,10,10,0,6,9,16,41,15,13,2,0,39,39,0,17,11,0,6,143,82,61,15,9,6,4,5,"Lane County, Kansas",103,84,35,35,11,28,14,41,29,27,27,6,4,16,16,11,43,43,11,11,18,14,11,32,11,32,20,8,50,8,8,11,7,8,16,33,12,11,4,11,26,26,11,13,9,11,7,48,41,38,13,11,6,5,6
"G2001030","2019-2023","KS",,,"Kansas","20","Leavenworth County","103",,,,,,,,,,,,,,,".",".",,,,,,,,,,,,"0500000US20103",,,"20103","Leavenworth County, Kansas",35029,18289,425,379,46,1758,2155,482,2505,1877,1637,240,289,501,372,129,1759,1220,0,539,1924,850,1074,1147,382,765,761,2706,16740,112,92,20,225,463,185,2082,283,273,10,90,1315,1141,174,1437,1026,0,411,7366,2814,4552,967,219,748,854,1361,"Leavenworth County, Kansas",907,663,171,164,41,341,368,125,494,324,302,104,125,149,124,86,301,241,27,190,319,206,253,325,146,261,193,498,648,69,63,30,98,142,78,363,119,120,15,57,265,255,91,253,203,27,157,602,480,490,221,101,187,236,244
"G2001050","2019-2023","KS",,,"Kansas","20","Lincoln County","105",,,,,,,,,,,,,,,".",".",,,,,,,,,,,,"0500000US20105",,,"20105","Lincoln County, Kansas",1474,732,221,163,58,106,71,16,65,62,35,27,12,19,15,4,25,9,0,16,67,24,43,23,4,19,18,27,742,35,33,2,10,49,6,58,77,68,9,1,69,63,6,36,21,0,15,249,147,102,59,2,57,51,42,"Lincoln County, Kansas",111,68,70,59,48,42,26,9,32,38,25,28,13,14,13,6,19,9,11,16,31,17,26,13,7,13,15,18,72,25,26,7,9,34,7,21,47,45,12,2,29,30,6,20,17,11,11,61,50,26,32,3,33,34,23
"G2001070","2019-2023","KS",,,"Kansas","20","Linn County","107",,,,,,,,,,,,,,,".",".",,,,,,,,,,,,"0500000US20107",,,"20107","Linn County, Kansas",4379,2439,276,245,31,583,288,78,213,188,97,91,26,90,66,24,116,37,0,79,247,177,70,136,78,58,44,154,1940,63,63,0,47,85,24,236,156,81,75,23,160,125,35,104,26,0,78,769,308,461,120,36,84,62,91,"Linn County, Kansas",226,167,115,113,29,135,80,42,71,83,44,72,18,62,54,28,56,27,16,52,96,80,46,82,69,46,31,72,136,55,55,16,30,51,20,97,73,39,60,24,57,48,36,54,17,16,53,111,79,109,68,48,44,49,47
"G2001090","2019-2023","KS",,,"Kansas","20","Logan County","109",,,,,,,,,,,,,,,".",".",,,,,,,,,,,,"0500000US20109",,,"20109","Logan County, Kansas",1435,873,261,254,7,102,42,25,92,133,116,17,4,54,54,0,12,12,0,0,59,42,17,51,12,39,37,1,562,19,19,0,0,6,6,60,4,4,0,26,49,38,11,23,23,0,0,226,78,148,99,16,83,22,22,"Logan County, Kansas",66,59,66,65,8,49,24,20,46,62,59,15,7,32,32,11,12,12,11,11,27,22,18,27,10,26,24,3,44,16,16,11,11,8,8,48,8,8,11,20,29,26,12,23,23,11,11,60,26,57,40,13,38,14,18
"G2001110","2019-2023","KS",,,"Kansas","20","Lyon County","111",,,,,,,,,,,,,,,".",".",,,,,,,,,,,,"0500000US20111",,,"20111","Lyon County, Kansas",17081,8754,341,282,59,593,2395,228,977,819,652,167,135,246,210,36,488,251,0,237,1163,675,488,803,64,739,324,242,8327,57,56,1,37,1330,58,1190,196,99,97,131,384,293,91,475,148,14,313,3272,1546,1726,730,143,587,271,196,"Lyon County, Kansas",521,319,120,117,55,135,345,101,248,194,181,72,74,131,126,34,134,110,24,93,227,162,163,205,72,200,137,91,385,50,49,2,28,283,57,246,128,67,97,77,126,111,64,153,79,24,133,418,274,312,159,81,144,102,73
"G2001130","2019-2023","KS",,,"Kansas","20","McPherson County","113",,,,,,,,,,,,,,,".",".",,,,,,,,,,,,"0500000US20113",,,"20113","McPherson County, Kansas",15964,8573,748,596,152,996,2572,105,618,608,407,201,76,285,266,19,405,196,0,209,1001,780,221,481,119,362,365,313,7391,100,99,1,90,606,40,389,125,93,32,65,771,692,79,471,307,0,164,3084,1109,1975,896,159,737,367,387,"McPherson County, Kansas",515,287,172,155,79,255,366,56,163,172,146,100,58,112,112,16,156,99,24,123,224,201,89,120,82,97,138,108,408,81,81,3,66,137,35,135,67,50,48,45,226,215,56,151,100,24,112,362,219,290,191,81,171,125,161
"G2001150","2019-2023","KS",,,"Kansas","20","Marion County","115",,,,,,,,,,,,,,,".",".",,,,,,,,,,,,"0500000US20115",,,"20115","Marion County, Kansas",5694,3133,389,348,41,416,761,95,217,221,196,25,20,33,32,1,132,78,0,54,464,317,147,148,51,97,146,91,2561,102,98,4,26,169,20,309,67,48,19,24,86,83,3,104,66,0,38,1283,637,646,154,30,124,150,67,"Marion County, Kansas",221,167,91,88,20,101,111,52,60,57,56,21,15,20,21,4,50,37,18,28,81,68,45,57,33,43,47,47,150,42,41,6,20,60,18,98,30,24,20,16,31,32,6,40,33,18,23,135,122,96,60,31,52,46,33
"G2001170","2019-2023","KS",,,"Kansas","20","Marshall County","117",,,,,,,,,,,,,,,".",".",,,,,,,,,,,,"0500000US20117",,,"20117","Marshall County, Kansas",4994,2680,363,356,7,190,797,78,174,327,309,18,25,155,134,21,170,67,0,103,158,66,92,62,29,33,108,73,2314,29,29,0,15,140,66,274,73,73,0,31,168,147,21,121,51,0,70,1048,303,745,105,9,96,101,143,"Marshall County, Kansas",179,119,80,79,6,57,137,55,52,96,97,12,17,83,77,22,63,30,18,57,76,37,66,38,24,28,52,51,140,22,22,18,12,54,53,76,38,38,18,26,53,52,23,52,24,18,44,136,90,125,65,15,64,38,60
"G2001190","2019-2023","KS",,,"Kansas","20","Meade County","119",,,,,,,,,,,,,,,".",".",,,,,,,,,,,,"0500000US20119",,,"20119","Meade County, Kansas",1883,1105,272,267,5,228,71,48,100,107,90,17,40,9,9,0,18,10,0,8,119,96,23,13,0,13,22,58,778,39,39,0,18,29,2,33,34,30,4,4,47,47,0,18,18,0,0,359,222,137,73,8,65,103,19,"Meade County, Kansas",129,83,62,62,6,67,30,34,56,42,41,13,26,19,19,11,16,11,11,12,74,72,17,16,11,16,20,38,82,23,23,11,18,25,3,24,29,28,8,7,27,27,11,16,16,11,11,83,69,41,44,8,43,44,16
"G2001210","2019-2023","KS",,,"Kansas","20","Miami County","121",,,,,,,,,,,,,,,".",".",,,,,,,,,,,,"0500000US20121",,,"20121","Miami County, Kansas",17395,9248,349,339,10,1391,1259,274,1066,701,561,140,209,579,416,163,998,692,0,306,942,579,363,491,94,397,434,555,8147,90,81,9,182,422,198,879,228,196,32,119,1028,857,171,668,536,4,128,3105,1145,1960,613,159,454,371,244,"Miami County, Kansas",610,339,165,163,17,286,278,90,228,205,180,77,89,179,164,101,214,176,24,135,188,161,137,193,70,186,167,180,476,49,46,15,87,171,162,239,127,120,30,76,230,202,85,180,161,8,96,382,260,344,158,70,150,116,96
"G2001230","2019-2023","KS",,,"Kansas","20","Mitchell County","123",,,,,,,,,,,,,,,".",".",,,,,,,,,,,,"0500000US20123",,,"20123","Mitchell County, Kansas",2712,1436,192,192,0,214,170,44,193,142,131,11,3,60,60,0,70,39,6,25,136,77,59,26,14,12,106,80,1276,3,3,0,59,68,13,147,8,3,5,21,58,54,4,90,79,0,11,655,181,474,114,54,60,19,21,"Mitchell County, Kansas",198,168,60,60,16,92,68,24,106,69,65,12,5,35,35,16,47,32,9,29,67,55,36,30,11,26,68,51,134,5,5,16,50,48,17,64,11,6,9,16,38,37,5,74,75,16,13,123,64,121,73,49,46,19,17
"G2001250","2019-2023","KS",,,"Kansas","20","Montgomery County","125",,,,,,,,,,,,,,,".",".",,,,,,,,,,,,"0500000US20125",,,"20125","Montgomery County, Kansas",13484,7109,484,319,165,700,1925,136,805,553,348,205,74,116,12,104,691,266,2,423,545,297,248,390,65,325,342,348,6375,137,99,38,34,831,19,733,164,123,41,69,270,229,41,269,127,0,142,2616,900,1716,665,129,536,271,297,"Montgomery County, Kansas",420,338,158,135,83,161,258,55,172,121,105,71,51,72,14,68,179,131,4,127,164,108,112,129,40,121,115,124,309,74,55,47,36,228,25,176,74,72,40,43,89,84,32,91,64,24,77,314,161,301,152,55,150,99,120
"G2001270","2019-2023","KS",,,"Kansas","20","Morris County","127",,,,,,,,,,,,,,,".",".",,,,,,,,,,,,"0500000US20127",,,"20127","Morris County, Kansas",2760,1467,228,228,0,193,197,18,131,153,131,22,99,56,33,23,115,70,4,41,167,93,74,17,6,11,44,49,1293,17,17,0,4,104,39,145,25,25,0,31,73,69,4,87,75,0,12,563,194,369,85,34,51,25,95,"Morris County, Kansas",175,107,72,72,16,71,67,14,49,62,62,20,54,36,30,19,58,47,7,34,61,37,58,16,11,12,28,32,115,16,16,16,7,40,44,51,16,16,16,32,42,41,6,40,38,16,14,110,56,102,45,29,35,19,44
"G2001290","2019-2023","KS",,,"Kansas","20","Morton County","129",,,,,,,,,,,,,,,".",".",,,,,,,,,,,,"0500000US20129",,,"20129","Morton County, Kansas",1130,657,246,176,70,95,49,67,11,40,29,11,9,5,5,0,10,1,0,9,16,8,8,0,0,0,86,23,473,44,44,0,1,0,25,30,3,3,0,12,13,13,0,39,4,0,35,277,96,181,0,0,0,16,13,"Morton County, Kansas",120,75,75,63,40,58,36,67,10,26,28,10,13,6,6,11,11,2,11,10,13,7,9,11,11,11,51,25,83,51,51,11,3,11,31,19,5,5,11,13,15,15,11,31,5,11,31,74,42,79,11,11,11,17,14
"G2001310","2019-2023","KS",,,"Kansas","20","Nemaha County","131",,,,,,,,,,,,,,,".",".",,,,,,,,,,,,"0500000US20131",,,"20131","Nemaha County, Kansas",5045,2763,398,373,25,213,796,73,317,329,269,60,15,83,69,14,140,52,0,88,180,150,30,74,33,41,90,55,2282,106,101,5,2,228,20,213,85,80,5,17,135,135,0,82,70,0,12,1108,350,758,152,44,108,75,59,"Nemaha County, Kansas",202,146,87,85,22,66,123,34,87,107,91,40,15,40,36,18,50,29,18,44,59,57,16,38,23,32,43,29,114,56,53,8,4,73,19,55,40,39,8,20,44,44,18,35,31,18,17,136,87,99,69,35,61,37,26
"G2001330","2019-2023","KS",,,"Kansas","20","Neosho County","133",,,,,,,,,,,,,,,".",".",,,,,,,,,,,,"0500000US20133",,,"20133","Neosho County, Kansas",7201,3739,383,361,22,370,882,83,578,325,239,86,40,147,114,33,171,62,30,79,352,196,156,157,24,133,124,127,3462,14,14,0,30,303,1,547,89,81,8,49,176,173,3,142,47,0,95,1387,497,890,259,29,230,114,351,"Neosho County, Kansas",330,253,125,127,25,130,208,64,155,121,98,70,44,116,89,53,71,46,21,51,105,97,59,102,20,101,66,64,260,14,14,18,35,99,2,145,52,51,15,33,82,83,4,68,35,18,58,214,132,195,120,29,120,56,179
"G2001350","2019-2023","KS",,,"Kansas","20","Ness County","135",,,,,,,,,,,,,,,".",".",,,,,,,,,,,,"0500000US20135",,,"20135","Ness County, Kansas",1450,836,381,259,122,55,47,44,33,33,19,14,1,17,17,0,16,12,0,4,59,48,11,8,5,3,90,52,614,33,21,12,4,24,37,48,29,29,0,4,37,37,0,55,38,0,17,259,95,164,36,4,32,30,18,"Ness County, Kansas",91,66,68,68,40,25,25,26,19,17,10,12,4,17,17,11,9,9,11,4,30,30,10,7,6,4,38,35,57,17,14,11,6,20,42,22,23,23,11,7,15,15,11,32,25,11,18,56,31,51,28,5,28,20,10
"G2001370","2019-2023","KS",,,"Kansas","20","Norton County","137",,,,,,,,,,,,,,,".",".",,,,,,,,,,,,"0500000US20137",,,"20137","Norton County, Kansas",2028,989,122,122,0,105,190,56,11,23,20,3,24,38,38,0,84,75,0,9,241,19,222,0,0,0,20,75,1039,86,86,0,0,64,30,129,1,0,1,1,126,126,0,40,10,0,30,359,67,292,125,3,122,64,14,"Norton County, Kansas",168,112,83,83,16,53,95,39,13,32,29,8,31,56,56,16,69,68,16,10,156,22,154,16,16,16,22,81,115,54,54,16,16,80,44,70,3,16,3,2,79,79,16,43,11,16,42,115,44,113,76,4,76,71,19
"G2001390","2019-2023","KS",,,"Kansas","20","Osage County","139",,,,,,,,,,,,,,,".",".",,,,,,,,,,,,"0500000US20139",,,"20139","Osage County, Kansas",7548,4147,169,152,17,666,521,117,511,628,476,152,52,107,69,38,287,127,0,160,400,166,234,235,62,173,225,229,3401,55,55,0,28,221,7,274,197,145,52,17,216,190,26,309,218,0,91,1415,535,880,211,35,176,137,314,"Osage County, Kansas",287,197,51,50,14,127,123,55,119,123,106,61,32,43,37,25,71,56,18,51,117,66,83,102,46,73,75,62,176,36,36,18,26,84,10,83,70,54,50,10,65,58,26,90,75,18,51,130,93,137,76,25,77,55,84
"G2001410","2019-2023","KS",,,"Kansas","20","Osborne County","141",,,,,,,,,,,,,,,".",".",,,,,,,,,,,,"0500000US20141",,,"20141","Osborne County, Kansas",1781,938,271,252,19,68,147,24,122,74,42,32,0,27,17,10,36,19,0,17,73,47,26,27,5,22,47,22,843,32,32,0,4,36,36,120,2,2,0,12,63,63,0,24,17,0,7,434,148,286,26,0,26,11,43,"Osborne County, Kansas",94,59,67,71,15,34,39,12,40,30,21,22,11,20,15,14,19,12,11,15,35,30,19,21,7,19,21,15,57,22,22,11,5,23,25,46,4,4,11,13,36,36,11,11,11,11,6,71,32,67,15,11,15,11,21
"G2001430","2019-2023","KS",,,"Kansas","20","Ottawa County","143",,,,,,,,,,,,,,,".",".",,,,,,,,,,,,"0500000US20143",,,"20143","Ottawa County, Kansas",2841,1538,236,236,0,125,239,77,130,117,69,48,7,98,85,13,100,40,0,60,210,149,61,48,21,27,48,103,1303,32,32,0,37,62,11,183,40,24,16,0,155,139,16,41,37,4,0,610,147,463,19,6,13,46,67,"Ottawa County, Kansas",128,100,65,65,16,51,63,41,45,52,37,35,9,39,37,18,35,22,16,30,64,56,34,28,17,18,32,51,75,18,18,16,34,37,12,54,28,22,16,16,46,43,13,24,23,5,16,77,44,76,17,8,15,27,32
"G2001450","2019-2023","KS",,,"Kansas","20","Pawnee County","145",,,,,,,,,,,,,,,".",".",,,,,,,,,,,,"0500000US20145",,,"20145","Pawnee County, Kansas",2835,1588,334,307,27,94,174,66,146,202,192,10,5,17,4,13,91,15,0,76,258,88,170,58,0,58,83,60,1247,59,59,0,61,35,16,84,60,49,11,12,80,70,10,55,53,0,2,506,207,299,47,0,47,30,202,"Pawnee County, Kansas",212,111,108,108,25,65,74,57,82,97,99,17,10,22,5,21,53,14,16,49,98,73,71,43,16,43,49,35,191,41,41,16,53,29,24,47,53,46,25,20,58,55,16,52,51,16,4,159,84,114,40,16,40,23,96
"G2001470","2019-2023","KS",,,"Kansas","20","Phillips County","147",,,,,,,,,,,,,,,".",".",,,,,,,,,,,,"0500000US20147",,,"20147","Phillips County, Kansas",2257,1195,255,237,18,115,129,69,98,115,59,56,15,37,37,0,62,21,5,36,88,61,27,52,5,47,132,28,1062,28,28,0,5,14,16,80,21,21,0,27,81,75,6,68,50,0,18,506,122,384,63,6,57,17,136,"Phillips County, Kansas",121,94,58,60,16,47,39,29,38,55,36,39,10,25,25,11,34,17,9,27,35,28,23,27,6,26,65,22,118,15,15,11,9,14,15,34,13,13,11,19,30,28,7,39,35,11,16,88,40,83,36,8,36,13,70
"G2001490","2019-2023","KS",,,"Kansas","20","Pottawatomie County","149",,,,,,,,,,,,,,,".",".",,,,,,,,,,,,"0500000US20149",,,"20149","Pottawatomie County, Kansas",12456,6795,406,337,69,1080,840,145,429,539,247,292,80,267,182,85,510,319,0,191,1252,742,510,266,90,176,380,601,5661,85,60,25,71,333,39,395,39,33,6,28,337,247,90,558,401,0,157,2882,1488,1394,385,91,294,227,282,"Pottawatomie County, Kansas",431,233,150,144,55,248,186,92,144,193,109,153,68,118,96,64,165,125,21,94,235,168,203,137,55,103,107,202,360,70,50,45,55,119,38,131,29,27,8,26,139,114,66,171,130,21,84,391,304,292,147,72,123,119,93
"G2001510","2019-2023","KS",,,"Kansas","20","Pratt County","151",,,,,,,,,,,,,,,".",".",,,,,,,,,,,,"0500000US20151",,,"20151","Pratt County, Kansas",4250,2295,439,244,195,175,178,73,228,268,218,50,32,34,26,8,122,93,0,29,305,102,203,259,35,224,74,108,1955,49,39,10,26,97,41,300,34,34,0,12,88,61,27,37,37,0,0,962,356,606,154,7,147,36,119,"Pratt County, Kansas",203,145,176,85,116,63,88,42,94,127,116,29,27,28,24,11,60,59,16,28,97,53,80,106,26,101,42,80,133,37,38,12,21,73,38,101,41,41,16,17,43,38,30,31,31,16,16,154,113,155,87,8,87,33,61
"G2001530","2019-2023","KS",,,"Kansas","20","Rawlins County","153",,,,,,,,,,,,,,,".",".",,,,,,,,,,,,"0500000US20153",,,"20153","Rawlins County, Kansas",1356,759,266,214,52,96,100,31,32,42,5,37,0,4,3,1,47,30,0,17,43,14,29,29,11,18,34,35,597,16,16,0,1,24,23,114,21,21,0,10,19,19,0,40,34,0,6,230,72,158,22,0,22,46,31,"Rawlins County, Kansas",107,62,59,53,46,38,37,18,25,50,7,49,11,7,7,3,39,35,11,18,24,16,21,17,12,14,23,20,73,17,17,11,2,16,15,57,18,18,11,10,13,13,11,26,27,11,9,52,34,46,17,11,17,26,18
"G2001550","2019-2023","KS",,,"Kansas","20","Reno County","155",,,,,,,,,,,,,,,".",".",,,,,,,,,,,,"0500000US20155",,,"20155","Reno County, Kansas",29154,14934,818,553,265,1609,3112,557,1686,1152,776,376,152,564,471,93,1180,498,32,650,1661,975,686,817,226,591,926,700,14220,81,57,24,163,1364,33,2037,285,262,23,158,1009,774,235,996,428,0,568,5565,2208,3357,1419,217,1202,616,494,"Reno County, Kansas",690,536,220,168,154,270,424,164,313,229,177,168,71,178,174,61,285,137,41,292,266,211,177,220,113,190,250,169,536,36,29,21,104,329,27,375,101,102,31,74,214,156,130,229,115,27,186,526,356,438,332,103,311,153,149
"G2001570","2019-2023","KS",,,"Kansas","20","Republic County","157",,,,,,,,,,,,,,,".",".",,,,,,,,,,,,"0500000US20157",,,"20157","Republic County, Kansas",2172,1173,276,253,23,132,157,56,159,80,36,44,16,17,10,7,89,68,0,21,72,39,33,45,1,44,43,31,999,46,46,0,22,65,27,199,23,22,1,19,62,62,0,58,36,0,22,362,157,205,38,1,37,50,28,"Republic County, Kansas",110,82,60,61,15,42,52,29,58,31,22,25,21,18,14,10,43,41,11,18,36,25,26,31,3,31,21,18,91,26,26,11,17,37,21,55,20,20,2,18,32,32,11,32,25,11,21,74,48,60,26,2,26,30,18
"G2001590","2019-2023","KS",,,"Kansas","20","Rice County","159",,,,,,,,,,,,,,,".",".",,,,,,,,,,,,"0500000US20159",,,"20159","Rice County, Kansas",4444,2468,373,301,72,221,615,103,192,269,226,43,17,31,20,11,113,42,0,71,265,225,40,87,15,72,137,45,1976,39,31,8,7,114,43,136,16,1,15,34,145,135,10,196,120,0,76,879,387,492,143,39,104,88,136,"Rice County, Kansas",220,145,81,71,45,78,176,46,71,88,85,22,19,26,22,14,69,30,16,57,89,81,28,37,15,30,63,45,167,24,22,8,7,44,31,61,12,2,12,32,65,62,12,90,80,16,53,129,108,101,57,23,54,38,75
"G2001610","2019-2023","KS",,,"Kansas","20","Riley County","161",,,,,,,,,,,,,,,".",".",,,,,,,,,,,,"0500000US20161",,,"20161","Riley County, Kansas",34998,17796,481,438,43,1700,1050,154,2374,684,542,142,390,978,772,206,2196,1517,0,679,4470,3434,1036,1690,423,1267,509,1120,17202,56,56,0,236,549,170,1465,272,258,14,319,904,689,215,1410,879,0,531,8108,4737,3371,2340,452,1888,667,706,"Riley County, Kansas",949,719,142,140,42,399,273,76,393,214,202,87,194,295,290,95,370,298,27,241,519,497,295,386,174,340,175,293,673,65,65,27,125,219,100,323,164,159,22,171,236,221,97,321,257,27,178,650,501,472,522,173,496,191,205
"G2001630","2019-2023","KS",,,"Kansas","20","Rooks County","163",,,,,,,,,,,,,,,".",".",,,,,,,,,,,,"0500000US20163",,,"20163","Rooks County, Kansas",2419,1240,312,167,145,95,169,35,93,88,51,37,7,18,12,6,52,25,0,27,131,93,38,25,9,16,107,108,1179,51,47,4,6,7,31,119,34,34,0,12,41,29,12,48,23,0,25,663,236,427,41,7,34,75,51,"Rooks County, Kansas",112,87,85,60,57,47,57,24,41,34,27,24,10,18,14,10,34,22,11,25,46,43,21,18,9,15,50,53,96,52,51,7,9,9,28,43,16,16,11,11,25,19,18,28,18,11,19,90,59,85,26,7,26,35,26
"G2001650","2019-2023","KS",,,"Kansas","20","Rush County","165",,,,,,,,,,,,,,,".",".",,,,,,,,,,,,"0500000US20165",,,"20165","Rush County, Kansas",1449,830,132,130,2,91,106,27,95,131,124,7,4,2,2,0,84,58,0,26,79,13,66,8,6,2,35,36,619,7,7,0,0,75,7,40,49,48,1,17,30,24,6,22,19,0,3,268,91,177,37,8,29,42,25,"Rush County, Kansas",121,85,49,49,3,33,42,19,55,57,57,6,4,3,3,11,37,34,11,16,27,8,26,11,9,4,18,30,80,7,7,11,11,53,7,19,29,29,2,12,14,13,9,14,13,11,7,66,35,54,27,9,25,23,15
"G2001670","2019-2023","KS",,,"Kansas","20","Russell County","167",,,,,,,,,,,,,,,".",".",,,,,,,,,,,,"0500000US20167",,,"20167","Russell County, Kansas",3435,1818,252,115,137,142,219,112,186,297,185,112,61,94,73,21,147,78,0,69,87,53,34,102,26,76,41,78,1617,46,25,21,0,33,0,364,8,7,1,70,75,58,17,88,46,0,42,681,149,532,93,6,87,59,100,"Russell County, Kansas",198,134,112,47,105,67,93,70,93,122,92,85,48,67,61,26,78,62,16,46,52,42,29,46,31,32,39,70,148,37,23,31,16,36,16,149,9,9,2,57,49,42,22,52,29,16,46,171,55,170,52,8,51,52,66
"G2001690","2019-2023","KS",,,"Kansas","20","Saline County","169",,,,,,,,,,,,,,,".",".",,,,,,,,,,,,"0500000US20169",,,"20169","Saline County, Kansas",27605,14161,471,414,57,1040,3414,530,1499,964,805,159,138,513,310,203,963,355,0,608,1881,1054,827,1534,372,1162,685,529,13444,174,112,62,101,1103,173,1510,127,118,9,36,590,479,111,630,467,0,163,6721,2386,4335,1092,117,975,765,422,"Saline County, Kansas",800,644,155,148,46,233,394,178,337,206,203,86,92,199,125,156,230,143,27,164,363,302,258,372,209,361,243,171,478,109,63,82,64,337,79,340,75,74,14,36,190,172,79,186,147,27,107,517,355,454,235,80,246,259,160
"G2001710","2019-2023","KS",,,"Kansas","20","Scott County","171",,,,,,,,,,,,,,,".",".",,,,,,,,,,,,"0500000US20171",,,"20171","Scott County, Kansas",2663,1508,486,449,37,45,147,106,262,133,10,123,0,55,34,21,124,15,0,109,10,10,0,52,0,52,25,63,1155,80,80,0,0,0,0,70,0,0,0,0,36,36,0,130,130,0,0,689,352,337,0,0,0,114,36,"Scott County, Kansas",198,149,139,128,51,43,103,76,145,98,21,93,16,64,57,32,110,25,16,105,20,20,16,63,16,63,36,71,158,110,110,16,16,16,16,78,16,16,16,16,45,45,16,96,96,16,16,199,154,133,16,16,16,82,42
"G2001730","2019-2023","KS",,,"Kansas","20","Sedgwick County","173",,,,,,,,,,,,,,,".",".",,,,,,,,,,,,"0500000US20173",,,"20173","Sedgwick County, Kansas",251840,132199,2081,1412,669,15402,32340,4619,14192,8220,7428,792,1588,5776,3747,2029,12574,7056,315,5203,14260,6727,7533,10761,2323,8438,5450,4936,119641,498,343,155,1824,11331,1177,13437,3430,3111,319,1436,7342,5233,2109,11702,7152,173,4377,44984,16724,28260,12140,2037,10103,6047,4293,"Sedgwick County, Kansas",2618,1529,411,304,294,846,1163,498,885,756,660,315,291,603,538,372,775,708,127,634,926,584,705,883,394,738,533,608,1874,169,150,83,355,803,238,872,484,477,124,340,589,554,366,889,651,115,533,1331,845,1314,875,390,853,631,598
"G2001750","2019-2023","KS",,,"Kansas","20","Seward County","175",,,,,,,,,,,,,,,".",".",,,,,,,,,,,,"0500000US20175",,,"20175","Seward County, Kansas",10442,5721,729,386,343,276,1978,127,469,475,467,8,38,170,129,41,173,140,0,33,447,287,160,383,46,337,327,129,4721,241,200,41,20,888,119,522,11,11,0,9,269,254,15,112,85,0,27,1782,912,870,259,40,219,180,309,"Seward County, Kansas",448,363,216,191,147,130,308,59,204,215,214,12,51,112,92,59,181,178,21,28,173,139,130,222,53,222,214,97,306,165,167,55,36,263,157,184,21,21,21,9,127,119,19,87,67,21,49,284,250,190,133,38,134,95,136
"G2001770","2019-2023","KS",,,"Kansas","20","Shawnee County","177",,,,,,,,,,,,,,,".",".",,,,,,,,,,,,"0500000US20177",,,"20177","Shawnee County, Kansas",84663,43157,860,646,214,4997,6056,1634,4586,3872,2945,927,846,2987,2440,547,3839,2004,43,1792,4979,2264,2715,2839,638,2201,1759,3903,41506,96,75,21,569,2160,216,3429,1673,1240,433,440,3665,3069,596,2939,1629,28,1282,16822,5384,11438,3677,750,2927,1765,4055,"Shawnee County, Kansas",1373,807,236,204,131,535,576,349,532,485,402,230,195,451,436,184,478,345,73,346,549,376,423,430,167,402,359,481,1011,50,48,27,156,444,97,400,348,303,207,162,416,397,237,391,284,37,301,961,549,852,486,214,422,316,401
"G2001790","2019-2023","KS",,,"Kansas","20","Sheridan County","179",,,,,,,,,,,,,,,".",".",,,,,,,,,,,,"0500000US20179",,,"20179","Sheridan County, Kansas",1294,703,368,368,0,43,28,15,61,29,29,0,10,23,19,4,16,12,0,4,46,41,5,26,5,21,34,4,591,96,96,0,0,15,1,113,7,7,0,3,32,32,0,20,12,0,8,259,125,134,9,1,8,15,21,"Sheridan County, Kansas",70,57,56,56,11,27,16,15,29,24,24,11,10,15,15,6,12,10,11,6,31,30,5,22,9,20,22,6,48,46,46,11,11,17,3,35,12,12,11,4,21,21,11,12,12,11,9,50,47,43,9,2,9,19,26
"G2001810","2019-2023","KS",,,"Kansas","20","Sherman County","181",,,,,,,,,,,,,,,".",".",,,,,,,,,,,,"0500000US20181",,,"20181","Sherman County, Kansas",3165,1730,237,233,4,139,97,117,299,319,268,51,13,62,38,24,32,12,0,20,205,77,128,38,0,38,160,12,1435,69,69,0,3,49,5,179,4,4,0,20,119,104,15,107,62,0,45,507,249,258,300,11,289,56,17,"Sherman County, Kansas",204,175,113,114,9,73,69,85,109,165,175,53,21,59,38,41,37,24,16,27,110,58,94,33,16,33,101,22,129,57,57,16,7,59,11,81,6,6,16,25,73,68,23,70,51,16,62,122,105,97,124,13,124,47,21
"G2001830","2019-2023","KS",,,"Kansas","20","Smith County","183",,,,,,,,,,,,,,,".",".",,,,,,,,,,,,"0500000US20183",,,"20183","Smith County, Kansas",1755,972,230,228,2,107,121,37,162,25,20,5,1,87,68,19,27,6,0,21,85,35,50,35,12,23,26,29,783,61,61,0,37,26,12,115,8,8,0,18,35,35,0,41,37,0,4,317,104,213,27,0,27,35,51,"Smith County, Kansas",97,64,55,54,3,36,49,19,53,15,12,5,2,35,36,15,16,9,11,15,28,18,23,19,10,14,18,17,59,34,34,11,26,15,10,48,8,8,11,14,18,18,11,21,21,11,5,53,27,50,17,11,17,16,28
"G2001850","2019-2023","KS",,,"Kansas","20","Stafford County","185",,,,,,,,,,,,,,,".",".",,,,,,,,,,,,"0500000US20185",,,"20185","Stafford County, Kansas",1964,1104,355,323,32,102,59,25,89,68,66,2,7,59,56,3,49,23,0,26,125,43,82,35,0,35,95,36,860,18,13,5,7,26,14,79,18,15,3,12,67,57,10,45,28,0,17,418,163,255,67,3,64,36,53,"Stafford County, Kansas",92,52,72,67,18,38,30,18,31,31,30,3,8,20,19,5,29,23,11,19,47,21,41,21,11,21,31,22,70,12,9,7,9,14,13,29,12,12,4,8,24,20,12,21,17,11,11,60,48,50,37,4,38,22,26
"G2001870","2019-2023","KS",,,"Kansas","20","Stanton County","187",,,,,,,,,,,,,,,".",".",,,,,,,,,,,,"0500000US20187",,,"20187","Stanton County, Kansas",931,509,171,171,0,15,2,57,0,181,123,58,0,24,24,0,40,32,0,8,2,2,0,3,3,0,0,14,422,115,115,0,13,0,35,31,0,0,0,0,43,43,0,1,1,0,0,110,61,49,2,2,0,66,6,"Stanton County, Kansas",180,120,74,74,11,19,5,44,11,101,101,51,11,27,27,11,44,43,11,10,6,6,11,5,5,11,11,20,115,76,76,11,15,11,37,31,11,11,11,11,39,39,11,5,5,11,11,60,45,46,12,12,11,59,8
"G2001890","2019-2023","KS",,,"Kansas","20","Stevens County","189",,,,,,,,,,,,,,,".",".",,,,,,,,,,,,"0500000US20189",,,"20189","Stevens County, Kansas",2303,1327,383,353,30,168,168,58,108,188,93,95,0,26,17,9,39,39,0,0,90,90,0,0,0,0,84,15,976,113,104,9,47,92,2,88,58,21,37,20,43,33,10,21,10,3,8,351,199,152,27,0,27,49,65,"Stevens County, Kansas",239,147,133,127,43,76,84,44,107,60,63,63,16,24,19,14,43,43,16,16,61,61,16,16,16,16,72,22,165,75,68,17,51,74,5,56,54,30,46,21,37,32,20,23,20,6,12,122,91,72,25,16,25,57,53
"G2001910","2019-2023","KS",,,"Kansas","20","Sumner County","191",,,,,,,,,,,,,,,".",".",,,,,,,,,,,,"0500000US20191",,,"20191","Sumner County, Kansas",10000,5365,328,317,11,597,1606,50,569,356,310,46,55,118,98,20,370,199,0,171,531,371,160,306,171,135,184,295,4635,29,29,0,78,375,57,548,193,132,61,100,330,290,40,296,188,4,104,1902,901,1001,279,52,227,271,177,"Sumner County, Kansas",400,287,87,85,10,129,224,27,169,111,108,32,43,72,72,18,127,86,21,92,149,143,66,112,88,82,71,107,228,21,21,21,43,98,61,154,104,68,74,57,120,114,46,114,94,5,55,249,171,175,90,31,85,74,63
"G2001930","2019-2023","KS",,,"Kansas","20","Thomas County","193",,,,,,,,,,,,,,,".",".",,,,,,,,,,,,"0500000US20193",,,"20193","Thomas County, Kansas",4236,2348,369,367,2,139,161,172,270,138,74,64,48,121,121,0,110,49,0,61,401,192,209,67,4,63,264,88,1888,42,42,0,8,25,76,237,20,19,1,141,114,114,0,142,86,0,56,765,316,449,137,9,128,121,60,"Thomas County, Kansas",199,149,106,105,5,77,96,103,90,99,62,80,41,73,73,16,70,54,16,64,164,103,119,39,6,38,109,74,138,32,32,16,18,30,69,100,21,21,2,77,94,94,16,98,78,16,58,187,126,127,66,15,63,74,67
"G2001950","2019-2023","KS",,,"Kansas","20","Trego County","195",,,,,,,,,,,,,,,".",".",,,,,,,,,,,,"0500000US20195",,,"20195","Trego County, Kansas",1475,825,144,122,22,127,127,42,62,74,36,38,10,23,18,5,53,17,0,36,40,24,16,33,32,1,43,47,650,79,71,8,0,12,0,66,19,5,14,6,53,43,10,48,19,0,29,290,85,205,45,0,45,18,14,"Trego County, Kansas",74,66,78,77,21,58,62,31,33,37,23,29,11,25,24,8,44,19,11,42,26,22,14,24,24,3,47,26,67,50,48,13,11,15,11,35,17,6,15,9,35,31,16,27,19,11,21,73,39,70,22,11,22,17,14
"G2001970","2019-2023","KS",,,"Kansas","20","Wabaunsee County","197",,,,,,,,,,,,,,,".",".",,,,,,,,,,,,"0500000US20197",,,"20197","Wabaunsee County, Kansas",3299,1829,318,268,50,267,244,68,126,144,80,64,30,60,49,11,60,30,0,30,218,90,128,85,28,57,125,84,1470,49,37,12,57,100,25,93,21,16,5,4,122,118,4,65,48,0,17,729,366,363,55,7,48,53,97,"Wabaunsee County, Kansas",182,137,130,126,37,70,70,35,42,47,39,33,25,35,34,12,27,22,16,14,56,36,52,42,22,33,74,29,113,31,28,14,42,42,19,37,18,17,6,6,41,41,4,29,24,16,16,111,92,79,32,6,31,39,44
"G2001990","2019-2023","KS",,,"Kansas","20","Wallace County","199",,,,,,,,,,,,,,,".",".",,,,,,,,,,,,"0500000US20199",,,"20199","Wallace County, Kansas",711,392,146,141,5,57,46,17,17,21,16,5,0,10,7,3,12,9,0,3,19,11,8,9,0,9,13,25,319,21,21,0,4,7,6,19,14,14,0,0,4,4,0,17,3,0,14,185,90,95,27,3,24,0,15,"Wallace County, Kansas",77,51,40,39,8,29,30,19,9,12,11,6,11,10,8,6,11,10,11,4,15,13,7,11,11,11,9,14,41,11,11,11,5,6,8,15,15,15,11,11,4,4,11,14,4,11,12,47,30,40,19,4,19,11,12
"G2002010","2019-2023","KS",,,"Kansas","20","Washington County","201",,,,,,,,,,,,,,,".",".",,,,,,,,,,,,"0500000US20201",,,"20201","Washington County, Kansas",2576,1444,374,374,0,153,236,82,145,131,97,34,8,21,20,1,45,28,0,17,107,61,46,17,6,11,62,63,1132,46,46,0,7,63,18,80,47,36,11,28,117,103,14,43,35,0,8,522,234,288,37,1,36,86,38,"Washington County, Kansas",142,83,49,49,16,41,55,28,37,33,29,14,10,15,17,3,21,15,16,15,34,29,24,10,6,9,23,39,92,19,19,16,8,27,13,28,26,23,11,25,40,38,13,20,19,16,6,71,44,48,24,2,24,42,19
"G2002030","2019-2023","KS",,,"Kansas","20","Wichita County","203",,,,,,,,,,,,,,,".",".",,,,,,,,,,,,"0500000US20203",,,"20203","Wichita County, Kansas",952,587,273,273,0,30,82,9,37,26,6,20,2,7,7,0,21,0,0,21,24,24,0,0,0,0,31,45,365,60,60,0,12,14,2,28,2,2,0,0,27,27,0,18,10,0,8,123,48,75,2,0,2,36,41,"Wichita County, Kansas",129,93,78,78,11,24,70,10,36,21,7,19,6,9,9,11,17,11,11,17,25,25,11,11,11,11,29,36,88,50,50,11,21,22,4,29,3,3,11,11,34,34,11,16,9,11,13,44,26,35,5,11,5,31,39
"G2002050","2019-2023","KS",,,"Kansas","20","Wilson County","205",,,,,,,,,,,,,,,".",".",,,,,,,,,,,,"0500000US20205",,,"20205","Wilson County, Kansas",3889,2085,210,186,24,254,551,69,99,208,121,87,18,34,8,26,141,104,0,37,235,153,82,80,18,62,95,91,1804,28,24,4,28,188,5,178,41,41,0,15,41,31,10,68,52,0,16,911,401,510,109,0,109,62,130,"Wilson County, Kansas",183,145,69,63,26,72,109,55,46,80,60,50,22,29,12,27,87,83,16,27,90,81,40,41,14,38,39,41,129,19,20,5,30,72,6,84,39,39,16,14,21,19,11,40,36,16,20,120,99,108,58,16,58,31,45
"G2002070","2019-2023","KS",,,"Kansas","20","Woodson County","207",,,,,,,,,,,,,,,".",".",,,,,,,,,,,,"0500000US20207",,,"20207","Woodson County, Kansas",1319,667,167,122,45,134,87,3,52,78,33,45,8,7,7,0,35,1,0,34,36,29,7,18,0,18,13,29,652,19,16,3,5,101,21,42,4,4,0,4,41,32,9,5,5,0,0,277,114,163,35,0,35,49,49,"Woodson County, Kansas",95,76,55,47,29,55,37,5,35,38,22,29,13,9,9,11,32,2,11,32,24,21,9,21,11,21,12,17,60,14,14,4,7,55,17,22,9,9,11,5,23,20,10,7,7,11,11,59,51,58,22,11,22,34,30
"G2002090","2019-2023","KS",,,"Kansas","20","Wyandotte County","209",,,,,,,,,,,,,,,".",".",,,,,,,,,,,,"0500000US20209",,,"20209","Wyandotte County, Kansas",78267,42085,513,501,12,8116,6125,1662,4721,4433,4080,353,524,1470,1101,369,3629,1550,29,2050,4243,2068,2175,2989,805,2184,1689,1971,36182,89,65,24,392,3463,940,4476,1762,1545,217,465,2552,2182,370,3997,1748,26,2223,10472,3881,6591,3791,532,3259,2043,1740,"Wyandotte County, Kansas",1222,929,196,198,19,775,678,337,480,509,501,122,181,278,255,132,429,271,33,329,535,364,400,418,230,339,337,310,892,57,55,23,140,493,275,517,335,314,101,181,407,368,151,483,303,25,355,726,460,516,420,163,434,322,349
